listing_id,listing_url,last_scraped,host_id,host_since,host_response_time,host_response_rate,host_acceptance_rate,host_is_superhost,host_listings_count,host_total_listings_count,host_verifications,host_has_profile_pic,host_identity_verified,borough,property_type,room_type,accommodates,bathrooms,bathrooms_text,bedrooms,beds,amenities,price,minimum_nights,maximum_nights,minimum_minimum_nights,maximum_minimum_nights,minimum_maximum_nights,maximum_maximum_nights,minimum_nights_avg_ntm,maximum_nights_avg_ntm,availability_30,availability_60,availability_90,availability_365,number_of_reviews,number_of_reviews_ltm,number_of_reviews_l30d,first_review,last_review,review_scores_rating,review_scores_accuracy,review_scores_cleanliness,review_scores_checkin,review_scores_communication,review_scores_location,review_scores_value,instant_bookable,calculated_host_listings_count,calculated_host_listings_count_entire_homes,calculated_host_listings_count_private_rooms,calculated_host_listings_count_shared_rooms,reviews_per_month,geometry
934510271997172189,https://www.airbnb.com/rooms/934510271997172189,2024-09-05,107434423,2016-12-16,within an hour,100%,96%,f,4494.0,4784.0,"['email', 'phone', 'work_email']",t,t,Manhattan,Entire rental unit,Entire home/apt,2,1.0,1 bath,1.0,1.0,"[""Dishwasher"", ""Crib"", ""Elevator"", ""TV"", ""Smoke alarm"", ""Cooking basics"", ""Heating"", ""Refrigerator"", ""Long term stays allowed"", ""Kitchen"", ""Hair dryer"", ""Hot water"", ""Iron"", ""Private entrance"", ""Microwave"", ""Essentials"", ""Carbon monoxide alarm"", ""Pets allowed"", ""Bed linens"", ""Hangers"", ""Shampoo"", ""Dryer \u2013\u00a0In unit"", ""High chair"", ""Oven"", ""Lockbox"", ""Self check-in"", ""Coffee maker"", ""Washer \u2013\u00a0In unit"", ""Air conditioning"", ""Wifi""]",$426.00,31,1125,31.0,365.0,1125.0,1125.0,34.8,1125.0,0,0,0,111,0,0,0,,,,,,,,,,t,876,876,0,0,,POINT (-73.988651 40.730657)
1131177509430293941,https://www.airbnb.com/rooms/1131177509430293941,2024-09-05,475766934,2022-08-19,within an hour,100%,100%,f,7.0,7.0,"['email', 'phone']",t,f,Manhattan,Private room in resort,Private room,2,1.0,1 bath,0.0,1.0,"[""Elevator"", ""Mini fridge"", ""TV"", ""Smoke alarm"", ""Resort access"", ""Heating"", ""Long term stays allowed"", ""Ceiling fan"", ""Paid parking on premises"", ""Safe"", ""Hair dryer"", ""Body soap"", ""Iron"", ""Fire extinguisher"", ""Essentials"", ""Carbon monoxide alarm"", ""Bed linens"", ""Hangers"", ""Shampoo"", ""Dedicated workspace"", ""Extra pillows and blankets"", ""First aid kit"", ""Coffee maker"", ""Air conditioning"", ""Wifi""]",$856.00,1,1125,1.0,1.0,1125.0,1125.0,1.0,1125.0,0,13,37,262,0,0,0,,,,,,,,,,t,7,0,7,0,,POINT (-73.9797104 40.762455)
5979675,https://www.airbnb.com/rooms/5979675,2024-09-04,7039396,2013-06-21,within a few hours,100%,100%,t,1.0,4.0,"['email', 'phone']",t,t,Brooklyn,Private room in rental unit,Private room,2,1.0,1 bath,1.0,2.0,"[""Stove"", ""Smoke alarm"", ""Cooking basics"", ""Heating"", ""Refrigerator"", ""Private living room"", ""Long term stays allowed"", ""TV with standard cable"", ""Kitchen"", ""Hair dryer"", ""Hot water"", ""Free street parking"", ""Iron"", ""Microwave"", ""Essentials"", ""Host greets you"", ""Carbon monoxide alarm"", ""Bed linens"", ""Hangers"", ""Shampoo"", ""Dishes and silverware"", ""Oven"", ""Extra pillows and blankets"", ""First aid kit"", ""Luggage dropoff allowed"", ""Coffee maker"", ""Air conditioning"", ""Wifi""]",$79.00,30,1125,30.0,30.0,1125.0,1125.0,30.0,1125.0,30,60,90,365,352,9,0,2015-05-24,2023-12-09,4.86,4.88,4.84,4.89,4.94,4.65,4.8,f,1,0,1,0,3.11,POINT (-73.88786 40.68088)
6477558,https://www.airbnb.com/rooms/6477558,2024-09-05,17770287,2014-07-07,within an hour,100%,83%,f,12.0,19.0,"['email', 'phone']",t,t,Manhattan,Entire rental unit,Entire home/apt,5,1.0,1 bath,2.0,3.0,"[""TV"", ""Stove"", ""Smoke alarm"", ""Cooking basics"", ""Heating"", ""Exterior security cameras on property"", ""Refrigerator"", ""Kitchen"", ""Hot water"", ""Essentials"", ""Carbon monoxide alarm"", ""Bed linens"", ""Oven"", ""Dedicated workspace"", ""Lockbox"", ""Extra pillows and blankets"", ""Self check-in"", ""Air conditioning"", ""Wifi""]",$150.00,30,1125,30.0,30.0,1125.0,1125.0,30.0,1125.0,0,0,0,257,14,0,0,2016-04-30,2023-05-13,4.07,4.36,4.14,4.29,4.43,4.71,3.86,f,12,12,0,0,0.14,POINT (-73.98125 40.74929)
1217429430116095120,https://www.airbnb.com/rooms/1217429430116095120,2024-09-05,35491667,2015-06-10,within an hour,96%,94%,t,103.0,108.0,"['email', 'phone']",t,t,Manhattan,Entire rental unit,Entire home/apt,1,1.0,1 bath,1.0,1.0,"[""Clothing storage: closet"", ""Mini fridge"", ""Smoke alarm"", ""Washer"", ""Kitchenette"", ""Exterior security cameras on property"", ""Shower gel"", ""Conditioner"", ""Free street parking"", ""Hot water"", ""Carbon monoxide alarm"", ""Bed linens"", ""Radiant heating"", ""Hangers"", ""Shampoo"", ""Dishes and silverware"", ""Luggage dropoff allowed"", ""Air conditioning"", ""Wifi"", ""Paid dryer \u2013 In building""]",$49.00,30,175,30.0,30.0,175.0,175.0,30.0,175.0,0,0,0,247,0,0,0,,,,,,,,,,f,101,101,0,0,,POINT (-73.99098889999999 40.7596713)
1020253934131742516,https://www.airbnb.com/rooms/1020253934131742516,2024-02-06,444681334,2022-02-11,within an hour,100%,100%,,9.0,12.0,"['email', 'phone']",t,t,Manhattan,Private room in rental unit,Private room,2,1.0,1 bath,1.0,1.0,"[""Body soap"", ""Room-darkening shades"", ""Iron"", ""Lock on bedroom door"", ""Essentials"", ""Dishes and silverware"", ""Cleaning products"", ""Hot water"", ""Carbon monoxide alarm"", ""Cooking basics"", ""Smoke alarm"", ""Wifi"", ""Hair dryer"", ""Shampoo"", ""Hangers"", ""Radiant heating"", ""Clothing storage: wardrobe"", ""Air conditioning"", ""Dedicated workspace"", ""Kitchen""]",$83.00,4,30,4.0,4.0,30.0,30.0,4.0,30.0,10,36,47,77,4,4,1,2023-11-17,2024-01-23,4.5,4.5,4.25,4.0,4.5,4.5,4.75,t,2,0,2,0,1.46,POINT (-73.99145 40.71249)
856334958557419965,https://www.airbnb.com/rooms/856334958557419965,2024-09-04,26305656,2015-01-18,within a day,100%,,f,1.0,1.0,"['email', 'phone', 'work_email']",t,t,Brooklyn,Private room in townhouse,Private room,2,1.0,1 private bath,1.0,1.0,"[""Keypad"", ""TV"", ""Smoke alarm"", ""Exterior security cameras on property"", ""Long term stays allowed"", ""Kitchen"", ""Hair dryer"", ""Hot water"", ""Fire extinguisher"", ""Essentials"", ""Carbon monoxide alarm"", ""Lock on bedroom door"", ""Hangers"", ""Shampoo"", ""Dedicated workspace"", ""Self check-in"", ""First aid kit"", ""Luggage dropoff allowed"", ""Heating - split type ductless system"", ""Air conditioning"", ""Wifi""]",$152.00,30,31,30.0,30.0,31.0,31.0,30.0,31.0,28,58,88,178,0,0,0,,,,,,,,,,f,1,0,1,0,,POINT (-73.94914 40.68816)
1191404739326003541,https://www.airbnb.com/rooms/1191404739326003541,2024-09-04,396940563,2021-04-14,within an hour,100%,88%,t,3.0,5.0,"['email', 'phone']",t,t,Brooklyn,Entire townhouse,Entire home/apt,9,2.0,2 baths,3.0,4.0,"[""Cleaning products"", ""Dining table"", ""TV"", ""Stove"", ""Smoke alarm"", ""Rice maker"", ""Patio or balcony"", ""Cooking basics"", ""Heating"", ""Exterior security cameras on property"", ""Coffee maker: Keurig coffee machine"", ""Shower gel"", ""Coffee"", ""Outdoor furniture"", ""Outdoor dining area"", ""Hot water kettle"", ""Refrigerator"", ""Long term stays allowed"", ""Conditioner"", ""Backyard"", ""Kitchen"", ""Hair dryer"", ""Hot water"", ""Body soap"", ""Room-darkening shades"", ""Iron"", ""Private entrance"", ""Free street parking"", ""Fire extinguisher"", ""Wine glasses"", ""Microwave"", ""Essentials"", ""Trash compactor"", ""Laundromat nearby"", ""Carbon monoxide alarm"", ""Cleaning available during stay"", ""Children\u2019s dinnerware"", ""Bed linens"", ""Freezer"", ""Toaster"", ""Window guards"", ""Hangers"", ""Shampoo"", ""Dishes and silverware"", ""Oven"", ""Dedicated workspace"", ""Bathtub"", ""Baking sheet"", ""Lockbox"", ""Extra pillows and blankets"", ""Self check-in"", ""First aid kit"", ""Luggage dropoff allowed"", ""Clothing storage"", ""Blender"", ""Air conditioning"", ""Wifi""]",$135.00,30,365,30.0,30.0,365.0,365.0,30.0,365.0,0,18,48,323,0,0,0,,,,,,,,,,f,3,2,1,0,,POINT (-74.0237341432187 40.636329168226325)
42536123,https://www.airbnb.com/rooms/42536123,2024-09-04,3261533,2012-08-14,within a day,100%,67%,t,3.0,3.0,"['email', 'phone']",t,t,Brooklyn,Entire rental unit,Entire home/apt,2,1.0,1 bath,1.0,1.0,"[""Dishwasher"", ""Cleaning products"", ""TV"", ""Smoke alarm"", ""Washer"", ""Gaggenau gas stove"", ""Fast wifi \u2013 446 Mbps"", ""Cooking basics"", ""Heating"", ""Exterior security cameras on property"", ""Coffee"", ""Shower gel"", ""Hot water kettle"", ""Single oven"", ""Refrigerator"", ""Conditioner"", ""Kitchen"", ""Hair dryer"", ""Hot water"", ""Body soap"", ""Room-darkening shades"", ""Dryer"", ""Iron"", ""Free street parking"", ""Clothing storage: walk-in closet and dresser"", ""Fire extinguisher"", ""Wine glasses"", ""Microwave"", ""Essentials"", ""Carbon monoxide alarm"", ""Bed linens"", ""Freezer"", ""Toaster"", ""Hangers"", ""Shampoo"", ""Dishes and silverware"", ""Baking sheet"", ""First aid kit"", ""Blender"", ""Coffee maker"", ""Portable air conditioning""]",$105.00,32,1125,30.0,30.0,1125.0,1125.0,30.0,1125.0,0,0,0,151,6,4,1,2021-08-21,2024-08-10,5.0,5.0,5.0,5.0,5.0,5.0,5.0,f,3,3,0,0,0.16,POINT (-73.94757 40.67859)
694958372781022948,https://www.airbnb.com/rooms/694958372781022948,2024-09-04,436580929,2021-12-19,within a few hours,70%,53%,f,4.0,4.0,['phone'],t,t,Bronx,Entire condo,Entire home/apt,3,1.0,1 bath,2.0,2.0,"[""Mosquito net"", ""Cleaning products"", ""Elevator"", ""Mini fridge"", ""Smoke alarm"", ""Window AC unit"", ""Ge stainless steel oven"", ""Central air conditioning"", ""HDTV with Apple TV"", ""Cooking basics"", ""Heating"", ""Ge refrigerator"", ""Hot water kettle"", ""Long term stays allowed"", ""Free residential garage on premises"", ""Ethernet connection"", ""Kitchen"", ""Room-darkening shades"", ""Free street parking"", ""Iron"", ""Private entrance"", ""Wine glasses"", ""Microwave"", ""Essentials"", ""Trash compactor"", ""Laundromat nearby"", ""Ge stove"", ""Carbon monoxide alarm"", ""Cleaning available during stay"", ""Pets allowed"", ""Bed linens"", ""Freezer"", ""Toaster"", ""Hangers"", ""Paid street parking off premises"", ""Dishes and silverware"", ""Dedicated workspace"", ""Private hot tub"", ""Extra pillows and blankets"", ""Coffee maker: drip coffee maker"", ""Luggage dropoff allowed"", ""Blender"", ""Dining table"", ""City skyline view""]",$100.00,30,365,30.0,30.0,365.0,365.0,30.0,365.0,30,60,90,365,2,0,0,2022-10-11,2023-04-17,3.0,3.0,3.0,4.0,4.5,5.0,3.0,f,1,1,0,0,0.09,POINT (-73.88489 40.87546)
2145599,https://www.airbnb.com/rooms/2145599,2024-09-05,1698391,2012-02-04,within an hour,100%,94%,f,4.0,7.0,"['email', 'phone']",t,t,Manhattan,Private room in rental unit,Private room,2,1.0,1 shared bath,1.0,4.0,"[""Stove"", ""Smoke alarm"", ""Cooking basics"", ""Heating"", ""Refrigerator"", ""Kitchen"", ""Hair dryer"", ""Hot water"", ""Free street parking"", ""Iron"", ""Microwave"", ""Essentials"", ""Carbon monoxide alarm"", ""Bed linens"", ""Lock on bedroom door"", ""Hangers"", ""Shampoo"", ""Dishes and silverware"", ""Oven"", ""Lockbox"", ""Extra pillows and blankets"", ""Self check-in"", ""Coffee maker"", ""Air conditioning"", ""Wifi""]",$60.00,30,1125,30.0,30.0,1125.0,1125.0,30.0,1125.0,1,3,3,124,237,5,0,2014-06-07,2024-04-27,4.71,4.81,4.47,4.79,4.84,4.92,4.64,f,3,1,2,0,1.9,POINT (-73.99135 40.76316)
27503062,https://www.airbnb.com/rooms/27503062,2024-09-04,5810195,2013-04-07,a few days or more,10%,63%,f,2.0,5.0,"['email', 'phone', 'work_email']",t,t,Manhattan,Private room in rental unit,Private room,2,1.0,1 shared bath,1.0,1.0,"[""Cooking basics"", ""Heating"", ""Exterior security cameras on property"", ""Refrigerator"", ""Kitchen"", ""Hair dryer"", ""Iron"", ""Essentials"", ""Host greets you"", ""Carbon monoxide alarm"", ""Lock on bedroom door"", ""Hangers"", ""Shampoo"", ""Dishes and silverware"", ""Dedicated workspace"", ""Park view"", ""River view"", ""Coffee maker"", ""Wifi""]",$33.00,30,1125,30.0,30.0,1125.0,1125.0,30.0,1125.0,0,28,58,333,25,4,0,2021-06-07,2024-03-18,4.6,4.56,4.4,4.64,4.68,4.68,4.68,f,2,0,2,0,0.63,POINT (-73.92705 40.86337)
1030572401445864085,https://www.airbnb.com/rooms/1030572401445864085,2024-05-04,484277630,2022-10-19,within an hour,100%,96%,f,43.0,68.0,"['email', 'phone']",t,t,Manhattan,Room in hotel,Private room,2,1.0,1 private bath,1.0,0.0,"[""Hair dryer"", ""Air conditioning"", ""Luggage dropoff allowed"", ""First aid kit"", ""Essentials"", ""Washer"", ""TV"", ""Wifi"", ""Extra pillows and blankets"", ""Bed linens"", ""Heating"", ""Exterior security cameras on property"", ""Dedicated workspace"", ""Gym"", ""Carbon monoxide alarm"", ""Microwave"", ""Dryer"", ""Cleaning products"", ""Hot water"", ""Shampoo"", ""Smoke alarm"", ""Fire extinguisher"", ""Long term stays allowed"", ""Cleaning available during stay"", ""Mini fridge"", ""Kitchen"", ""Elevator""]",$314.00,4,365,1.0,4.0,365.0,365.0,3.9,365.0,16,46,76,287,8,8,0,2023-12-04,2024-03-27,4.38,4.25,4.13,4.88,4.75,4.88,4.38,t,27,0,27,0,1.57,POINT (-73.98027251075912 40.75391971216591)
4537500,https://www.airbnb.com/rooms/4537500,2024-09-04,3250450,2012-08-13,within a few hours,100%,82%,t,19.0,58.0,"['email', 'phone']",t,f,Queens,Private room,Private room,1,1.0,1 bath,1.0,1.0,"[""Kitchen"", ""Dryer"", ""Heating"", ""Essentials"", ""Air conditioning"", ""TV with standard cable"", ""Wifi""]",$45.00,31,365,31.0,31.0,365.0,365.0,31.0,365.0,28,56,86,361,2,0,0,2014-12-20,2017-09-29,4.5,4.5,5.0,5.0,5.0,5.0,5.0,f,18,0,18,0,0.02,POINT (-73.92846 40.76421)
40896611,https://www.airbnb.com/rooms/40896611,2024-09-05,61391963,2016-03-03,within a few hours,99%,71%,f,170.0,345.0,"['email', 'phone']",t,t,Manhattan,Entire rental unit,Entire home/apt,2,1.0,1 bath,0.0,1.0,"[""TV"", ""Stove"", ""Smoke alarm"", ""Heating"", ""Dryer \u2013 In building"", ""Long term stays allowed"", ""Kitchen"", ""Hair dryer"", ""Hot water"", ""Iron"", ""Fire extinguisher"", ""Washer \u2013\u00a0In building"", ""Essentials"", ""Smart lock"", ""Carbon monoxide alarm"", ""Hangers"", ""Shampoo"", ""Indoor fireplace"", ""Oven"", ""Dedicated workspace"", ""Self check-in"", ""Air conditioning"", ""Wifi""]",$58.00,30,1125,30.0,30.0,1125.0,1125.0,30.0,1125.0,3,33,63,338,12,2,0,2020-03-31,2024-05-20,4.92,5.0,4.58,5.0,4.58,4.83,4.58,f,130,130,0,0,0.22,POINT (-73.97774505615234 40.75024032592773)
21577856,https://www.airbnb.com/rooms/21577856,2024-09-04,141933,2010-06-10,within an hour,100%,100%,t,1.0,4.0,"['email', 'phone']",t,t,Brooklyn,Entire townhouse,Entire home/apt,4,2.0,2 baths,2.0,2.0,"[""Dishwasher"", ""Cleaning products"", ""Clothing storage: closet"", ""Crib"", ""Sonos Bluetooth sound system"", ""Smoke alarm"", ""Rice maker"", ""Free dryer \u2013 In building"", ""Children\u2019s books and toys"", ""Cooking basics"", ""Paid parking off premises"", ""AC - split type ductless system"", ""Exterior security cameras on property"", ""Coffee"", ""Shower gel"", ""Bread maker"", ""Portable fans"", ""Hot water kettle"", ""Game console: Xbox 360"", ""Ceiling fan"", ""Refrigerator"", ""Drying rack for clothing"", ""Conditioner"", ""Books and reading material"", ""Free washer \u2013 In building"", ""Ethernet connection"", ""Exercise equipment: free weights, yoga mat"", ""Kitchen"", ""Hair dryer"", ""Hot water"", ""Body soap"", ""Room-darkening shades"", ""Iron"", ""Pack \u2019n play/Travel crib"", ""Private entrance"", ""Beach essentials"", ""Coffee maker: Nespresso, pour-over coffee"", ""Fire extinguisher"", ""Wine glasses"", ""Microwave"", ""Essentials"", ""Central heating"", ""Laundromat nearby"", ""Smart lock"", ""Fireplace guards"", ""Carbon monoxide alarm"", ""Cleaning available during stay"", ""36 inch HDTV with Amazon Prime Video, Apple TV, Disney+, Hulu, premium cable"", ""Children\u2019s dinnerware"", ""Bed linens"", ""Fast wifi \u2013 91 Mbps"", ""Freezer"", ""Window guards"", ""Hangers"", ""Bidet"", ""Shampoo"", ""Toaster"", ""Dishes and silverware"", ""GE stainless steel induction stove"", ""Dedicated workspace"", ""Bathtub"", ""Baking sheet"", ""Stainless steel oven"", ""Extra pillows and blankets"", ""Self check-in"", ""First aid kit"", ""Board games"", ""Luggage dropoff allowed"", ""Blender"", ""Babysitter recommendations"", ""Free street parking"", ""Dining table"", ""Free parking on premises""]",$461.00,2,10,2.0,3.0,1125.0,1125.0,2.0,1125.0,0,2,3,3,162,9,1,2017-11-12,2024-09-02,4.84,4.83,4.84,4.92,4.88,4.95,4.75,f,1,1,0,0,1.95,POINT (-73.98379768464044 40.670707036749285)
11656396,https://www.airbnb.com/rooms/11656396,2024-01-06,6392776,2013-05-14,within an hour,100%,96%,t,2.0,5.0,"['email', 'phone', 'work_email']",t,t,Brooklyn,Entire rental unit,Entire home/apt,2,,1 bath,,,[],$190.00,30,1125,30.0,30.0,1125.0,1125.0,30.0,1125.0,30,60,90,365,241,0,0,2016-03-23,2021-11-20,4.95,4.98,4.96,4.94,4.95,4.89,4.83,f,1,1,0,0,2.54,POINT (-73.94339 40.71891)
1111814726067302895,https://www.airbnb.com/rooms/1111814726067302895,2024-09-04,516731131,2023-05-26,,,,f,1.0,2.0,"['email', 'phone']",f,t,Brooklyn,Private room in home,Private room,1,1.0,1 bath,1.0,0.0,"[""BBQ grill"", ""Kitchen"", ""TV"", ""Exterior security cameras on property"", ""Fire extinguisher"", ""Smoke alarm"", ""First aid kit"", ""Host greets you"", ""Carbon monoxide alarm"", ""Air conditioning"", ""Lock on bedroom door"", ""Wifi"", ""Free parking on premises""]",$72.00,30,60,30.0,30.0,60.0,60.0,30.0,60.0,27,57,87,87,0,0,0,,,,,,,,,,f,1,0,1,0,,POINT (-73.9581279 40.596262)
44562723,https://www.airbnb.com/rooms/44562723,2024-07-05,137358866,2017-06-27,within an hour,99%,75%,t,56.0,365.0,"['email', 'phone', 'work_email']",t,t,Queens,Private room in townhouse,Private room,2,1.5,1.5 shared baths,1.0,1.0,"[""Smoke alarm"", ""Bed linens"", ""Oven"", ""Cleaning products"", ""Dedicated workspace"", ""Microwave"", ""Dishes and silverware"", ""Free street parking"", ""Clothing storage"", ""Hair dryer"", ""Fire extinguisher"", ""Bathtub"", ""Host greets you"", ""Iron"", ""Private hot tub"", ""Lock on bedroom door"", ""Laundromat nearby"", ""Kitchen"", ""Wifi"", ""Ethernet connection"", ""Coffee maker"", ""Refrigerator"", ""Hot water"", ""Carbon monoxide alarm"", ""Dining table"", ""Hangers"", ""Central heating"", ""Window AC unit"", ""Hot water kettle"", ""Gas stove"", ""Long term stays allowed""]",$63.00,30,365,30.0,30.0,365.0,365.0,30.0,365.0,4,4,33,308,11,4,1,2020-11-06,2024-06-07,4.82,4.64,4.91,5.0,4.64,4.64,4.73,f,56,17,39,0,0.25,POINT (-73.89477 40.74294)
645886640432143048,https://www.airbnb.com/rooms/645886640432143048,2024-07-06,307197943,2019-11-05,within an hour,97%,95%,t,25.0,29.0,['phone'],t,f,Manhattan,Entire condo,Entire home/apt,4,2.0,2 baths,2.0,2.0,"[""Free dryer \u2013 In unit"", ""Heating"", ""Bed linens"", ""Oven"", ""Paid parking garage off premises"", ""Cleaning products"", ""Dedicated workspace"", ""Microwave"", ""Paid parking garage on premises"", ""Conditioner"", ""Dishes and silverware"", ""Shampoo"", ""Body soap"", ""Pack \u2019n play/Travel crib"", ""Hair dryer"", ""Crib"", ""Fire extinguisher"", ""Freezer"", ""Coffee"", ""Toaster"", ""Bathtub"", ""HDTV with Netflix"", ""Iron"", ""Essentials"", ""Elevator"", ""Clothing storage: closet"", ""Shower gel"", ""Kitchen"", ""Free washer \u2013 In unit"", ""Wifi"", ""Refrigerator"", ""City skyline view"", ""Cooking basics"", ""Hot water"", ""Wine glasses"", ""Coffee maker: Keurig coffee machine"", ""Drying rack for clothing"", ""Baking sheet"", ""Sound system"", ""Portable air conditioning"", ""Exterior security cameras on property"", ""Hangers"", ""Dining table"", ""Hot water kettle"", ""Gas stove"", ""Dishwasher"", ""Long term stays allowed""]","$1,428.00",30,365,30.0,30.0,365.0,365.0,30.0,365.0,30,60,90,364,33,1,0,2022-07-18,2023-12-07,4.97,4.94,4.91,4.97,5.0,5.0,4.94,f,16,16,0,0,1.38,POINT (-73.99534 40.75808)
842691777475545064,https://www.airbnb.com/rooms/842691777475545064,2024-09-04,367627546,2020-09-15,a few days or more,0%,,f,1.0,1.0,"['email', 'phone']",f,f,Brooklyn,Private room in rental unit,Private room,4,2.0,2 baths,2.0,3.0,"[""Cleaning products"", ""Dining table"", ""55 inch HDTV"", ""Bluetooth sound system"", ""Stainless steel single oven"", ""Keypad"", ""Smoke alarm"", ""Window AC unit"", ""Free washer \u2013 In unit"", ""Cooking basics"", ""Barbecue utensils"", ""AC - split type ductless system"", ""Private patio or balcony"", ""Coffee maker: Keurig coffee machine"", ""Shower gel"", ""Coffee"", ""Outdoor furniture"", ""Stainless steel gas stove"", ""Hot water kettle"", ""Free dryer \u2013 In unit"", ""Refrigerator"", ""Ceiling fan"", ""Conditioner"", ""Books and reading material"", ""Clothing storage: dresser"", ""BBQ grill"", ""Kitchen"", ""Hair dryer"", ""Hot water"", ""Body soap"", ""Free street parking"", ""Iron"", ""Arcade games"", ""Fire extinguisher"", ""Wine glasses"", ""Microwave"", ""Essentials"", ""Carbon monoxide alarm"", ""Pets allowed"", ""Bed linens"", ""Freezer"", ""Toaster"", ""Hangers"", ""Shampoo"", ""Radiant heating"", ""Indoor fireplace"", ""Dishes and silverware"", ""Dedicated workspace"", ""Bathtub"", ""Baking sheet"", ""Extra pillows and blankets"", ""Self check-in"", ""First aid kit"", ""Board games"", ""Luggage dropoff allowed"", ""Blender"", ""Heating - split type ductless system"", ""Wifi""]",$240.00,31,31,31.0,31.0,31.0,31.0,31.0,31.0,30,60,90,270,0,0,0,,,,,,,,,,t,1,0,1,0,,POINT (-74.01152796889583 40.67462358236079)
1110578563834555617,https://www.airbnb.com/rooms/1110578563834555617,2024-09-05,565579563,2024-03-05,within an hour,100%,100%,f,10.0,10.0,"['email', 'phone']",t,t,Manhattan,Entire rental unit,Entire home/apt,2,1.0,1 bath,1.0,1.0,"[""Elevator"", ""Smoke alarm"", ""Paid parking off premises"", ""Heating"", ""TV with standard cable"", ""Hair dryer"", ""Body soap"", ""Iron"", ""Private entrance"", ""Fire extinguisher"", ""Essentials"", ""Gym"", ""Host greets you"", ""Carbon monoxide alarm"", ""Pets allowed"", ""Bed linens"", ""Hangers"", ""Shampoo"", ""Dedicated workspace"", ""Coffee maker"", ""Air conditioning"", ""Wifi""]",$350.00,1,365,1.0,1.0,365.0,365.0,1.0,365.0,19,49,79,159,30,30,7,2024-05-08,2024-08-31,4.6,4.6,4.47,4.5,4.63,4.83,4.5,t,10,10,0,0,7.44,POINT (-73.98603528996 40.75765758563109)
49777208,https://www.airbnb.com/rooms/49777208,2024-09-04,78643953,2016-06-19,within an hour,100%,100%,t,5.0,8.0,"['email', 'phone']",t,t,Queens,Entire rental unit,Entire home/apt,4,1.0,1 bath,3.0,3.0,"[""Cleaning products"", ""Dining table"", ""Smoke alarm"", ""Window AC unit"", ""55 inch HDTV with Roku"", ""Cooking basics"", ""Heating"", ""Exterior security cameras on property"", ""Coffee"", ""Shower gel"", ""Hot water kettle"", ""Refrigerator"", ""Ceiling fan"", ""Conditioner"", ""Kitchen"", ""Hair dryer"", ""Hot water"", ""Free street parking"", ""Iron"", ""Private entrance"", ""Wine glasses"", ""Microwave"", ""Essentials"", ""Gas stove"", ""Carbon monoxide alarm"", ""Bed linens"", ""Toaster"", ""Hangers"", ""Shampoo"", ""Dishes and silverware"", ""Oven"", ""Bathtub"", ""Lockbox"", ""Wifi"", ""Self check-in"", ""Blender"", ""Beach access \u2013 Beachfront"", ""Coffee maker"", ""Portable air conditioning""]",$165.00,30,60,30.0,30.0,1125.0,1125.0,30.0,1125.0,4,4,17,292,46,7,0,2021-06-02,2024-06-23,4.78,4.83,4.74,4.93,4.96,4.13,4.57,f,4,4,0,0,1.16,POINT (-73.76355 40.59529)
45783672,https://www.airbnb.com/rooms/45783672,2024-09-04,14296610,2014-04-14,within an hour,100%,100%,t,1.0,3.0,"['email', 'phone']",t,t,Brooklyn,Entire rental unit,Entire home/apt,3,1.0,1 bath,1.0,1.0,"[""Dishwasher"", ""Cleaning products"", ""Single level home"", ""TV"", ""Stove"", ""Smoke alarm"", ""Window AC unit"", ""Cooking basics"", ""Heating"", ""Private patio or balcony"", ""Refrigerator"", ""Long term stays allowed"", ""Kitchen"", ""Hair dryer"", ""Hot water"", ""Free street parking"", ""Private entrance"", ""Fire extinguisher"", ""Laundromat nearby"", ""Microwave"", ""Essentials"", ""Carbon monoxide alarm"", ""Bed linens"", ""Freezer"", ""Hangers"", ""Shampoo"", ""Dishes and silverware"", ""Oven"", ""Dedicated workspace"", ""Lockbox"", ""Extra pillows and blankets"", ""Self check-in"", ""First aid kit"", ""Luggage dropoff allowed"", ""Coffee maker"", ""Wifi"", ""Free parking on premises""]",$93.00,30,1125,30.0,30.0,1125.0,1125.0,30.0,1125.0,0,26,56,236,16,4,0,2020-11-08,2024-07-31,5.0,5.0,4.88,4.88,4.81,4.56,4.75,f,1,1,0,0,0.34,POINT (-73.93722 40.65586)
861625396155486382,https://www.airbnb.com/rooms/861625396155486382,2024-09-05,32368779,2015-05-01,a few days or more,0%,31%,f,14.0,20.0,['phone'],t,t,Brooklyn,Private room in condo,Private room,4,1.0,1 bath,1.0,2.0,"[""Cleaning products"", ""Clothing storage: closet"", ""TV"", ""Smoke alarm"", ""Cooking basics"", ""Shower gel"", ""Conditioner"", ""Safe"", ""Kitchen"", ""Hot water"", ""Room-darkening shades"", ""Body soap"", ""Fire extinguisher"", ""Essentials"", ""Central heating"", ""Carbon monoxide alarm"", ""Bed linens"", ""Hangers"", ""Shampoo"", ""Dishes and silverware"", ""Dedicated workspace"", ""Bathtub"", ""Extra pillows and blankets"", ""First aid kit"", ""Air conditioning"", ""Wifi""]",$214.00,30,365,30.0,30.0,365.0,365.0,30.0,365.0,30,60,90,365,3,0,0,2023-05-20,2023-09-02,5.0,4.67,4.33,4.67,4.33,4.67,4.67,f,13,5,8,0,0.19,POINT (-73.9202905206641 40.68022550215076)
837209019816144209,https://www.airbnb.com/rooms/837209019816144209,2023-11-02,70176549,2016-05-03,within a few hours,100%,100%,t,3.0,9.0,"['email', 'phone']",t,t,Manhattan,Private room in rental unit,Private room,1,,1 shared bath,,1.0,"[""Cooking basics"", ""Kitchen"", ""Dishes and silverware"", ""Blender"", ""Shampoo"", ""Dedicated workspace"", ""Coffee maker"", ""Hair dryer"", ""Stove"", ""Body soap"", ""Window AC unit"", ""Bed linens"", ""Dining table"", ""TV"", ""Hot water kettle"", ""Heating"", ""Wifi"", ""Long term stays allowed"", ""Host greets you"", ""Essentials"", ""Hangers"", ""Toaster"", ""Lock on bedroom door"", ""Refrigerator"", ""Iron"", ""Microwave"", ""Hot water""]",$75.00,30,200,30.0,30.0,1125.0,1125.0,30.0,1125.0,0,24,54,112,1,1,0,2023-08-20,2023-08-20,5.0,5.0,5.0,5.0,5.0,5.0,4.0,f,3,0,3,0,0.4,POINT (-73.99180426617242 40.760710887386175)
1010695853870779745,https://www.airbnb.com/rooms/1010695853870779745,2024-09-04,533234561,2023-08-22,within a few hours,82%,79%,f,85.0,133.0,"['email', 'phone']",t,t,Manhattan,Entire rental unit,Entire home/apt,2,1.0,1 bath,0.0,1.0,"[""Kitchen"", ""Hot water"", ""Dedicated workspace"", ""Cooking basics"", ""Dishes and silverware"", ""Oven"", ""Free street parking"", ""Lockbox"", ""Heating"", ""Self check-in"", ""Microwave"", ""Smoke alarm"", ""Carbon monoxide alarm"", ""Wifi""]",$135.00,30,365,30.0,30.0,365.0,365.0,30.0,365.0,0,0,0,266,0,0,0,,,,,,,,,,f,65,62,3,0,,POINT (-73.97898160856056 40.72601682612927)
1208036120501815502,https://www.airbnb.com/rooms/1208036120501815502,2024-09-04,339284067,2020-02-27,within a day,100%,,f,1.0,2.0,"['email', 'phone']",t,f,Manhattan,Private room in home,Private room,1,2.0,2 baths,1.0,1.0,"[""Kitchen"", ""Exterior security cameras on property"", ""Fire extinguisher"", ""Smoke alarm"", ""Washer"", ""Carbon monoxide alarm"", ""Pets allowed"", ""Air conditioning"", ""Lock on bedroom door"", ""Wifi""]",$88.00,30,365,30.0,30.0,365.0,365.0,30.0,365.0,29,59,89,89,0,0,0,,,,,,,,,,f,1,0,1,0,,POINT (-73.941975 40.836668)
783420775267244079,https://www.airbnb.com/rooms/783420775267244079,2024-09-05,181517263,2018-03-30,within an hour,100%,100%,t,1.0,1.0,"['email', 'phone']",t,f,Queens,Entire rental unit,Entire home/apt,4,1.0,1 bath,2.0,2.0,"[""Dishwasher"", ""Cleaning products"", ""Clothing storage: closet"", ""Crib"", ""Dining table"", ""Keypad"", ""Smoke alarm"", ""Central air conditioning"", ""Cooking basics"", ""Private patio or balcony"", ""Exterior security cameras on property"", ""Shower gel"", ""Stainless steel electric stove"", ""Refrigerator"", ""Long term stays allowed"", ""Books and reading material"", ""Dove  body soap"", ""Kitchen"", ""Hair dryer"", ""Hot water"", ""Room-darkening shades"", ""Free street parking"", ""Iron"", ""Private entrance"", ""Wine glasses"", ""Microwave"", ""Essentials"", ""Central heating"", ""Laundromat nearby"", ""Carbon monoxide alarm"", ""Bed linens"", ""Freezer"", ""Hangers"", ""Shampoo"", ""Dishes and silverware"", ""Dedicated workspace"", ""Stainless steel oven"", ""Extra pillows and blankets"", ""Self check-in"", ""Panteen conditioner"", ""First aid kit"", ""Luggage dropoff allowed"", ""HDTV with Roku"", ""Coffee maker"", ""Wifi""]",$182.00,30,1125,30.0,30.0,1125.0,1125.0,30.0,1125.0,30,60,90,269,75,16,0,2022-12-25,2024-05-09,4.81,4.89,4.79,4.84,4.93,4.64,4.72,t,1,1,0,0,3.62,POINT (-73.91215015455053 40.70333277567696)
779776296413227357,https://www.airbnb.com/rooms/779776296413227357,2024-09-05,484932854,2022-10-24,a few days or more,0%,,f,1.0,1.0,['phone'],f,t,Manhattan,Entire rental unit,Entire home/apt,1,1.0,1 bath,1.0,1.0,"[""Cleaning products"", ""TV"", ""Smoke alarm"", ""Cooking basics"", ""Heating"", ""Shower gel"", ""Refrigerator"", ""Conditioner"", ""Paid parking on premises"", ""Safe"", ""Kitchen"", ""Hair dryer"", ""Hot water"", ""Body soap"", ""Room-darkening shades"", ""Dryer"", ""Fire extinguisher"", ""Essentials"", ""Bed linens"", ""Shampoo"", ""Dishes and silverware"", ""Dedicated workspace"", ""Bathtub"", ""Extra pillows and blankets"", ""Air conditioning"", ""Wifi"", ""Free parking on premises""]",$270.00,30,365,30.0,30.0,365.0,365.0,30.0,365.0,24,54,84,173,8,2,0,2022-12-17,2023-09-21,4.75,4.88,4.63,4.63,5.0,5.0,4.75,f,1,1,0,0,0.38,POINT (-74.00095 40.73096)
973108515562331046,https://www.airbnb.com/rooms/973108515562331046,2024-02-06,139484429,2017-07-09,,,100%,f,3.0,4.0,"['email', 'phone']",t,t,Brooklyn,Entire rental unit,Entire home/apt,2,1.0,1 bath,1.0,2.0,"[""TV"", ""Self check-in"", ""Carbon monoxide alarm"", ""Smoke alarm"", ""Wifi"", ""Washer"", ""Lockbox"", ""Dedicated workspace"", ""Air conditioning"", ""Kitchen""]",$195.00,30,30,30.0,30.0,1125.0,1125.0,30.0,1125.0,30,60,90,90,0,0,0,,,,,,,,,,f,1,1,0,0,,POINT (-73.91674 40.69305)
50750722,https://www.airbnb.com/rooms/50750722,2024-08-05,67060020,2016-04-13,within a few hours,100%,100%,f,1.0,1.0,"['email', 'phone']",t,t,Manhattan,Private room in rental unit,Private room,2,1.0,1 shared bath,1.0,1.0,"[""Wifi"", ""Coffee maker: french press"", ""Clothing storage: closet"", ""Freezer"", ""Carbon monoxide alarm"", ""Wine glasses"", ""Room-darkening shades"", ""Paid parking off premises"", ""Hangers"", ""Dedicated workspace"", ""First aid kit"", ""Gas stove"", ""Coffee"", ""Drying rack for clothing"", ""Toaster"", ""Iron"", ""Essentials"", ""Refrigerator"", ""Hot water kettle"", ""Lock on bedroom door"", ""Cooking basics"", ""Oven"", ""Laundromat nearby"", ""Free street parking"", ""River view"", ""Dining table"", ""Bathtub"", ""Host greets you"", ""TV"", ""Smoke alarm"", ""Dishes and silverware"", ""Radiant heating"", ""Extra pillows and blankets"", ""Window AC unit"", ""Kitchen"", ""Microwave"", ""Baking sheet"", ""Dishwasher""]",$116.00,30,1125,30.0,30.0,1125.0,1125.0,30.0,1125.0,23,53,83,173,47,3,0,2022-04-22,2023-09-04,4.96,4.98,4.94,4.96,4.98,4.85,4.91,f,1,0,1,0,1.68,POINT (-73.93997818600508 40.849772221085466)
40448123,https://www.airbnb.com/rooms/40448123,2024-09-05,7077897,2013-06-23,within a few hours,100%,100%,t,1.0,3.0,"['email', 'phone']",t,t,Brooklyn,Private room in rental unit,Private room,4,2.0,2 shared baths,3.0,4.0,"[""Stove"", ""Smoke alarm"", ""Washer"", ""Window AC unit"", ""Cooking basics"", ""Heating"", ""Private patio or balcony"", ""Refrigerator"", ""Kitchen"", ""Hair dryer"", ""Hot water"", ""Free street parking"", ""Dryer"", ""Iron"", ""Fire extinguisher"", ""Essentials"", ""Carbon monoxide alarm"", ""Hangers"", ""Shampoo"", ""Dishes and silverware"", ""Lockbox"", ""Self check-in"", ""First aid kit"", ""Coffee maker"", ""Wifi"", ""City skyline view""]",$235.00,30,1125,30.0,30.0,1125.0,1125.0,30.0,1125.0,2,2,2,258,71,7,1,2020-01-04,2024-08-10,4.82,4.8,4.59,4.83,4.94,4.55,4.65,f,1,0,1,0,1.25,POINT (-73.92955 40.70162)
48070762,https://www.airbnb.com/rooms/48070762,2024-05-03,65976155,2016-04-05,within a few hours,86%,47%,f,3.0,6.0,"['email', 'phone']",t,t,Bronx,Private room in rental unit,Private room,1,1.0,1 shared bath,1.0,1.0,"[""Smoke alarm"", ""Lock on bedroom door"", ""Air conditioning"", ""Bathtub"", ""Bed linens"", ""Hangers"", ""Long term stays allowed"", ""Heating"", ""Exterior security cameras on property"", ""Room-darkening shades"", ""Hot water"", ""Essentials"", ""Dishes and silverware"", ""Clothing storage: closet and dresser"", ""Freezer"", ""Laundromat nearby"", ""TV"", ""Refrigerator"", ""Microwave"", ""Wifi""]",$50.00,30,1125,30.0,30.0,1125.0,1125.0,30.0,1125.0,28,58,88,178,3,2,0,2022-06-04,2023-10-08,4.33,4.33,4.67,4.67,4.67,4.0,4.0,f,3,0,3,0,0.13,POINT (-73.90307 40.87194)
1146682716039979256,https://www.airbnb.com/rooms/1146682716039979256,2024-06-05,541262291,2023-10-10,within an hour,100%,80%,f,2.0,5.0,"['email', 'phone']",t,t,Manhattan,Entire rental unit,Entire home/apt,6,2.0,2 baths,3.0,0.0,"[""Stove"", ""Dryer \u2013\u00a0In unit"", ""Cleaning products"", ""Bed linens"", ""TV"", ""Cleaning available during stay"", ""Dishwasher"", ""Hot water"", ""Iron"", ""Dining table"", ""Wifi"", ""Long term stays allowed"", ""Kitchen"", ""Shampoo"", ""Carbon monoxide alarm"", ""Conditioner"", ""Coffee maker"", ""Smoke alarm"", ""Pack \u2019n play/Travel crib - always at the listing"", ""Washer \u2013\u00a0In unit"", ""Freezer"", ""Air conditioning"", ""Cooking basics"", ""Host greets you"", ""Heating"", ""Hair dryer"", ""Body soap"", ""Dishes and silverware"", ""Hangers"", ""Essentials"", ""Shower gel"", ""Coffee"", ""Refrigerator""]",$750.00,3,365,1.0,3.0,365.0,365.0,3.0,365.0,12,35,35,42,2,2,2,2024-05-12,2024-05-16,4.5,4.5,4.0,4.0,4.5,5.0,4.0,f,2,2,0,0,2.0,POINT (-73.96779 40.75651)
42791410,https://www.airbnb.com/rooms/42791410,2023-11-02,4297109,2012-12-01,within an hour,100%,100%,f,1.0,3.0,"['email', 'phone']",t,t,Manhattan,Entire rental unit,Entire home/apt,3,,1 bath,1.0,1.0,"[""Cooking basics"", ""Kitchen"", ""Dishes and silverware"", ""Shampoo"", ""Ethernet connection"", ""Smoke alarm"", ""Hair dryer"", ""First aid kit"", ""Extra pillows and blankets"", ""Stove"", ""Bed linens"", ""TV"", ""Air conditioning"", ""Shower gel"", ""Heating"", ""Wifi"", ""Oven"", ""Essentials"", ""Hangers"", ""Refrigerator"", ""Lockbox"", ""Iron"", ""Self check-in"", ""Microwave"", ""Hot water""]",$181.00,30,90,30.0,30.0,1125.0,1125.0,30.0,1125.0,27,57,87,361,197,40,1,2020-03-22,2023-10-14,4.7,4.72,4.59,4.72,4.8,4.82,4.64,f,1,1,0,0,4.47,POINT (-73.99012 40.72091)
775990586141540412,https://www.airbnb.com/rooms/775990586141540412,2023-11-02,382218860,2020-12-29,within an hour,100%,100%,t,1.0,1.0,"['email', 'phone', 'work_email']",t,t,Brooklyn,Entire rental unit,Entire home/apt,5,,1 bath,3.0,4.0,"[""Cooking basics"", ""Clothing storage: closet, wardrobe, and dresser"", ""HDTV with Roku, Chromecast, Netflix, Amazon Prime Video, Hulu, Disney+, HBO Max, Apple TV"", ""Kitchen"", ""Dishes and silverware"", ""Free parking on premises"", ""Dove body soap"", ""Dedicated workspace"", ""Ethernet connection"", ""Coffee maker"", ""Smoking allowed"", ""Smoke alarm"", ""Hair dryer"", ""City skyline view"", ""Bed linens"", ""BBQ grill"", ""Free street parking"", ""Elevator"", ""Carbon monoxide alarm"", ""Head and Shoulders  shampoo"", ""Fire extinguisher"", ""Pets allowed"", ""Air conditioning"", ""Washer"", ""Cleaning products"", ""Room-darkening shades"", ""Wifi"", ""Outdoor dining area"", ""Paid parking on premises"", ""Essentials"", ""Hangers"", ""Refrigerator"", ""Lockbox"", ""Heating - split type ductless system"", ""Head and Shoulders  conditioner"", ""Iron"", ""Laundromat nearby"", ""Self check-in"", ""Hot water""]",$148.00,30,1125,30.0,30.0,1125.0,1125.0,30.0,1125.0,28,58,88,221,1,1,0,2023-05-31,2023-05-31,5.0,5.0,5.0,5.0,5.0,5.0,5.0,f,1,1,0,0,0.19,POINT (-73.9187597 40.7021405)
746069037672718450,https://www.airbnb.com/rooms/746069037672718450,2024-03-08,484859277,2022-10-24,,,0%,f,1.0,1.0,['phone'],t,t,Queens,Private room in rental unit,Private room,1,1.0,1 private bath,1.0,1.0,"[""Air conditioning"", ""Wifi"", ""Smoke alarm"", ""TV"", ""Security cameras on property"", ""Fire extinguisher"", ""Lock on bedroom door"", ""Carbon monoxide alarm"", ""First aid kit"", ""Dedicated workspace""]",$65.00,30,365,30.0,30.0,365.0,365.0,30.0,365.0,30,60,90,364,3,0,0,2022-10-29,2022-11-07,3.67,3.33,4.0,4.33,4.67,4.0,3.33,f,1,0,1,0,0.18,POINT (-73.90682 40.70076)
41798673,https://www.airbnb.com/rooms/41798673,2024-09-04,209921907,2018-08-16,within an hour,100%,100%,t,1.0,2.0,"['email', 'phone']",t,f,Brooklyn,Private room in rental unit,Private room,2,1.0,1 private bath,1.0,1.0,"[""Dining table"", ""Keypad"", ""TV"", ""Stove"", ""Smoke alarm"", ""Cooking basics"", ""Clothing storage: closet and dresser"", ""Coffee"", ""Shower gel"", ""Hot water kettle"", ""Refrigerator"", ""Conditioner"", ""Kitchen"", ""Hair dryer"", ""Hot water"", ""Body soap"", ""Room-darkening shades"", ""Iron"", ""Private entrance"", ""Free street parking"", ""Wine glasses"", ""Microwave"", ""Essentials"", ""Laundromat nearby"", ""Carbon monoxide alarm"", ""Bed linens"", ""Freezer"", ""Toaster"", ""Radiant heating"", ""Hangers"", ""Shampoo"", ""Paid street parking off premises"", ""Dishes and silverware"", ""Oven"", ""Dedicated workspace"", ""Bathtub"", ""Baking sheet"", ""Extra pillows and blankets"", ""Self check-in"", ""First aid kit"", ""Luggage dropoff allowed"", ""Coffee maker"", ""Air conditioning"", ""Wifi""]",$100.00,3,21,3.0,3.0,21.0,21.0,3.0,21.0,4,17,47,47,53,1,1,2020-02-16,2024-08-13,4.75,4.89,4.85,4.92,4.89,4.47,4.72,f,1,0,1,0,0.96,POINT (-73.9275837 40.67019579999999)
1102331692663829399,https://www.airbnb.com/rooms/1102331692663829399,2024-09-05,518583595,2023-06-06,within an hour,100%,100%,t,4.0,10.0,"['email', 'phone']",t,t,Manhattan,Entire rental unit,Entire home/apt,3,1.0,1 bath,1.0,1.0,"[""Dishwasher"", ""Cleaning products"", ""Single level home"", ""Elevator"", ""Dining table"", ""Smoke alarm"", ""Malin + Goetz body soap"", ""Malin + Goetz shampoo"", ""Courtyard view"", ""Crib - available upon request"", ""Cooking basics"", ""Exercise equipment: yoga mat"", ""AC - split type ductless system"", ""Private patio or balcony"", ""Coffee maker: Keurig coffee machine"", ""Shower gel"", ""Coffee"", ""Outdoor furniture"", ""Paid washer \u2013 In building"", ""Hot water kettle"", ""Outdoor dining area"", ""Refrigerator"", ""Long term stays allowed"", ""Shared gym in building"", ""Books and reading material"", ""Malin+ Goetz conditioner"", ""Kitchen"", ""Hair dryer"", ""Hot water"", ""Room-darkening shades"", ""Iron"", ""HDTV with Netflix"", ""Wine glasses"", ""Microwave"", ""Essentials"", ""Trash compactor"", ""Laundromat nearby"", ""Carbon monoxide alarm"", ""Cleaning available during stay"", ""Pets allowed"", ""Bed linens"", ""Freezer"", ""Electric stove"", ""Hangers"", ""Paid street parking off premises"", ""Dishes and silverware"", ""Dedicated workspace"", ""Bathtub"", ""Clothing storage: closet, wardrobe, and dresser"", ""Lockbox"", ""Stainless steel oven"", ""Extra pillows and blankets"", ""Self check-in"", ""First aid kit"", ""Luggage dropoff allowed"", ""Blender"", ""Heating - split type ductless system"", ""Wifi"", ""Paid dryer \u2013 In building""]",$185.00,30,365,30.0,30.0,365.0,365.0,30.0,365.0,0,20,50,61,0,0,0,,,,,,,,,,f,4,4,0,0,,POINT (-73.9494145 40.7867247)
19786915,https://www.airbnb.com/rooms/19786915,2023-10-02,86892032,2016-07-30,within an hour,100%,95%,f,2.0,4.0,"['email', 'phone']",t,t,Queens,Entire rental unit,Entire home/apt,2,,1 bath,1.0,1.0,"[""Microwave"", ""Cleaning products"", ""Body soap"", ""Security cameras on property"", ""Refrigerator"", ""Wifi"", ""Extra pillows and blankets"", ""Dishes and silverware"", ""Cooking basics"", ""Luggage dropoff allowed"", ""Bed linens"", ""Free street parking"", ""Bathtub"", ""Heating"", ""Private entrance"", ""Dining table"", ""Freezer"", ""Smoke alarm"", ""Conditioner"", ""Pets allowed"", ""Essentials"", ""Carbon monoxide alarm"", ""Hot water"", ""Rice maker"", ""Room-darkening shades"", ""Toaster"", ""Kitchen"", ""Shampoo"", ""Long term stays allowed"", ""TV with standard cable"", ""Iron"", ""Portable fans"", ""Clothing storage: dresser"", ""Host greets you""]",$90.00,30,60,30.0,30.0,60.0,60.0,30.0,60.0,30,60,90,365,73,0,0,2017-07-30,2020-08-03,4.35,4.48,4.45,4.82,4.86,4.66,4.54,f,2,2,0,0,0.97,POINT (-73.72678 40.65685)
50379952,https://www.airbnb.com/rooms/50379952,2024-09-04,1321504,2011-10-22,within an hour,100%,98%,t,8.0,13.0,"['email', 'phone']",t,t,Brooklyn,Entire rental unit,Entire home/apt,2,1.0,1 bath,1.0,1.0,"[""Dishwasher"", ""Stove"", ""Smoke alarm"", ""Washer"", ""55 inch HDTV with Netflix"", ""Cooking basics"", ""Heating"", ""Exterior security cameras on property"", ""Refrigerator"", ""Garden view"", ""Long term stays allowed"", ""Backyard"", ""BBQ grill"", ""Kitchen"", ""Hair dryer"", ""Hot water"", ""Free street parking"", ""Dryer"", ""Iron"", ""Private entrance"", ""Fire extinguisher"", ""Microwave"", ""Smart lock"", ""Carbon monoxide alarm"", ""Bed linens"", ""Hangers"", ""Dishes and silverware"", ""Oven"", ""Dedicated workspace"", ""Extra pillows and blankets"", ""Self check-in"", ""Coffee maker"", ""Air conditioning"", ""Wifi""]",$150.00,30,360,30.0,30.0,1125.0,1125.0,30.0,1125.0,30,60,90,365,0,0,0,,,,,,,,,,t,1,1,0,0,,POINT (-73.94548 40.67183)
653538289455674361,https://www.airbnb.com/rooms/653538289455674361,2024-09-05,27181542,2015-02-03,within an hour,99%,58%,f,61.0,110.0,['phone'],t,t,Manhattan,Entire rental unit,Entire home/apt,6,1.0,1 bath,3.0,3.0,"[""Dishwasher"", ""Elevator"", ""Dining table"", ""Keypad"", ""Stove"", ""Smoke alarm"", ""Free washer \u2013 In unit"", ""Cooking basics"", ""Paid parking off premises"", ""Private patio or balcony"", ""Hot water kettle"", ""Free dryer \u2013 In unit"", ""Refrigerator"", ""Long term stays allowed"", ""Kitchen"", ""Hair dryer"", ""Hot water"", ""Room-darkening shades"", ""Free street parking"", ""Iron"", ""Private entrance"", ""Wine glasses"", ""Microwave"", ""Essentials"", ""Central heating"", ""Fireplace guards"", ""Carbon monoxide alarm"", ""Pets allowed"", ""Bed linens"", ""Freezer"", ""Toaster"", ""Hangers"", ""Indoor fireplace"", ""Dishes and silverware"", ""Oven"", ""Dedicated workspace"", ""Self check-in"", ""Coffee maker: drip coffee maker"", ""55 inch HDTV with Fire TV"", ""Clothing storage"", ""Air conditioning"", ""Wifi""]",$317.00,30,365,30.0,30.0,365.0,365.0,30.0,365.0,5,35,65,340,1,1,0,2023-11-22,2023-11-22,5.0,5.0,5.0,5.0,5.0,5.0,5.0,f,61,61,0,0,0.1,POINT (-73.95645 40.77009)
1009457245330707359,https://www.airbnb.com/rooms/1009457245330707359,2024-01-06,305240193,2019-10-29,within a day,100%,76%,f,356.0,1433.0,"['email', 'phone']",t,t,Manhattan,Entire rental unit,Entire home/apt,2,,1 bath,,1.0,[],$144.00,30,365,30.0,30.0,365.0,365.0,30.0,365.0,28,58,88,105,0,0,0,,,,,,,,,,f,348,7,341,0,,POINT (-73.9858218099905 40.72610900025875)
53613132,https://www.airbnb.com/rooms/53613132,2023-11-02,390615926,2021-03-01,within an hour,100%,98%,f,1.0,1.0,"['email', 'phone']",t,t,Brooklyn,Entire rental unit,Entire home/apt,7,,1 bath,3.0,5.0,"[""Cooking basics"", ""Kitchen"", ""Dishes and silverware"", ""Clothing storage: closet and dresser"", ""Shampoo"", ""Stainless steel oven"", ""Private backyard \u2013 Fully fenced"", ""Wine glasses"", ""Smoke alarm"", ""Hair dryer"", ""Body soap"", ""Bathtub"", ""Bed linens"", ""Free street parking"", ""Coffee"", ""Carbon monoxide alarm"", ""TV"", ""Air conditioning"", ""Freezer"", ""Conditioner"", ""Hot water kettle"", ""Cleaning products"", ""Wifi"", ""Long term stays allowed"", ""Essentials"", ""Toaster"", ""Refrigerator"", ""Coffee maker: Keurig coffee machine"", ""Radiant heating"", ""Luggage dropoff allowed"", ""Mini fridge"", ""Stainless steel gas stove"", ""Laundromat nearby"", ""Outlet covers"", ""Private patio or balcony"", ""Microwave"", ""Hot water""]",$252.00,2,60,2.0,2.0,60.0,60.0,2.0,60.0,7,10,33,270,64,29,1,2021-12-17,2023-10-04,4.55,4.55,4.44,4.81,4.67,4.44,4.5,f,1,1,0,0,2.8,POINT (-73.93043 40.68727)
45479945,https://www.airbnb.com/rooms/45479945,2024-09-05,305240193,2019-10-29,within a few hours,100%,79%,f,382.0,1480.0,"['email', 'phone']",t,t,Manhattan,Private room in rental unit,Private room,1,0.0,0 shared baths,1.0,1.0,"[""Dishwasher"", ""Dishes and silverware"", ""Hot water"", ""Dedicated workspace"", ""Cooking basics"", ""Oven"", ""Lockbox"", ""Heating"", ""TV"", ""Self check-in"", ""Microwave"", ""Smoke alarm"", ""Carbon monoxide alarm"", ""Wifi""]",$94.00,30,180,30.0,30.0,180.0,180.0,30.0,180.0,0,0,0,95,1,0,0,2020-11-01,2020-11-01,5.0,5.0,5.0,5.0,5.0,3.0,4.0,f,354,2,352,0,0.02,POINT (-73.9949 40.75591)
15732405,https://www.airbnb.com/rooms/15732405,2024-09-05,101643312,2016-10-28,,,,f,2.0,2.0,"['email', 'phone', 'work_email']",t,t,Queens,Entire home,Entire home/apt,8,1.0,1 bath,3.0,4.0,"[""Kitchen"", ""Hot water"", ""Free street parking"", ""Iron"", ""Wifi"", ""Heating"", ""TV"", ""Fire extinguisher"", ""Essentials"", ""Smoke alarm"", ""Luggage dropoff allowed"", ""Host greets you"", ""Carbon monoxide alarm"", ""Long term stays allowed"", ""Air conditioning"", ""Paid parking on premises"", ""Hangers""]",$300.00,30,1125,30.0,30.0,1125.0,1125.0,30.0,1125.0,30,60,90,180,0,0,0,,,,,,,,,,t,2,1,1,0,,POINT (-73.73872 40.73015)
50048177,https://www.airbnb.com/rooms/50048177,2023-12-04,231138233,2018-12-17,within an hour,99%,100%,f,15.0,17.0,"['email', 'phone']",t,t,Queens,Private room in rental unit,Private room,2,,1 shared bath,,1.0,"[""Fire extinguisher"", ""Kitchen"", ""Heating"", ""Lock on bedroom door"", ""Free washer \u2013 In unit"", ""Essentials"", ""Carbon monoxide alarm"", ""Cooking basics"", ""Keypad"", ""Coffee maker"", ""Refrigerator"", ""Security cameras on property"", ""Smoke alarm"", ""Wifi"", ""Self check-in"", ""Free dryer \u2013 In unit"", ""Dishes and silverware"", ""Hangers"", ""Portable air conditioning"", ""First aid kit""]",$61.00,30,1125,30.0,30.0,1125.0,1125.0,30.0,1125.0,0,0,0,0,152,69,1,2021-06-25,2023-11-26,4.63,4.72,4.51,4.82,4.7,4.57,4.62,t,8,0,8,0,5.11,POINT (-73.9193344116211 40.71174621582031)
19566229,https://www.airbnb.com/rooms/19566229,2024-04-06,137129564,2017-06-26,within an hour,100%,100%,f,11.0,11.0,"['email', 'phone']",t,t,Queens,Private room in home,Private room,3,1.0,1 private bath,2.0,4.0,"[""First aid kit"", ""Dedicated workspace"", ""Hot water"", ""Shampoo"", ""Hair dryer"", ""Microwave"", ""Fire extinguisher"", ""Essentials"", ""Private entrance"", ""Smoke alarm"", ""Heating"", ""Free parking on premises"", ""Coffee maker"", ""Hangers"", ""Wifi"", ""Refrigerator"", ""Iron"", ""Air conditioning"", ""Carbon monoxide alarm"", ""Free street parking"", ""Bed linens""]",$59.00,30,1125,30.0,30.0,1125.0,1125.0,30.0,1125.0,29,59,89,89,196,11,0,2017-07-05,2023-09-05,4.38,4.49,4.22,4.79,4.73,4.65,4.41,f,11,1,10,0,2.38,POINT (-73.81366 40.75368)
710975092843486537,https://www.airbnb.com/rooms/710975092843486537,2024-05-03,261879033,2019-05-14,within a day,67%,98%,f,1.0,1.0,"['email', 'phone']",t,t,Queens,Entire rental unit,Entire home/apt,4,1.0,1 bath,1.0,2.0,"[""Hair dryer"", ""Dining table"", ""Luggage dropoff allowed"", ""Hammock"", ""First aid kit"", ""Essentials"", ""Laundromat nearby"", ""Central heating"", ""TV"", ""Extra pillows and blankets"", ""Wifi"", ""Indoor fireplace"", ""Bathtub"", ""Bed linens"", ""Hangers"", ""Exterior security cameras on property"", ""Dishes and silverware"", ""Stove"", ""Private BBQ grill: gas"", ""Refrigerator"", ""Free street parking"", ""Carbon monoxide alarm"", ""Microwave"", ""Window AC unit"", ""Iron"", ""Wine glasses"", ""Private entrance"", ""Cleaning products"", ""Hot water kettle"", ""Clothing storage: closet"", ""Oven"", ""Coffee maker: drip coffee maker"", ""Hot water"", ""Cooking basics"", ""Fire pit"", ""Private backyard \u2013 Fully fenced"", ""Freezer"", ""Blender"", ""Smoke alarm"", ""Long term stays allowed"", ""Outdoor dining area"", ""Kitchen"", ""Toaster"", ""Body soap""]",$130.00,30,1125,30.0,30.0,1125.0,1125.0,30.0,1125.0,30,60,90,365,66,35,0,2022-09-19,2023-10-23,4.98,4.98,4.98,4.92,5.0,4.89,4.92,t,1,1,0,0,3.34,POINT (-73.7302 40.7101)
970364193542146289,https://www.airbnb.com/rooms/970364193542146289,2024-09-05,162280872,2017-12-11,within an hour,100%,82%,f,242.0,373.0,"['email', 'phone']",t,t,Manhattan,Entire rental unit,Entire home/apt,3,1.0,1 bath,1.0,1.0,"[""Dishwasher"", ""Elevator"", ""Dining table"", ""TV"", ""Stove"", ""Smoke alarm"", ""Cooking basics"", ""Paid parking off premises"", ""Heating"", ""Hot water kettle"", ""Refrigerator"", ""Long term stays allowed"", ""Kitchen"", ""Hair dryer"", ""Hot water"", ""Room-darkening shades"", ""Free street parking"", ""Iron"", ""Wine glasses"", ""Microwave"", ""Essentials"", ""Carbon monoxide alarm"", ""Bed linens"", ""Freezer"", ""Toaster"", ""Hangers"", ""Dishes and silverware"", ""Oven"", ""Dedicated workspace"", ""Bathtub"", ""Lockbox"", ""Extra pillows and blankets"", ""Self check-in"", ""Clothing storage"", ""Coffee maker"", ""Air conditioning"", ""Wifi""]",$181.00,30,356,30.0,30.0,356.0,356.0,30.0,356.0,1,31,61,336,2,2,0,2023-10-09,2024-08-03,4.5,4.5,4.5,3.0,4.5,3.5,4.0,f,213,213,0,0,0.18,POINT (-73.9920309 40.7629644)
48784696,https://www.airbnb.com/rooms/48784696,2023-11-01,195712950,2018-06-14,within a day,100%,86%,f,1.0,1.0,['phone'],t,t,Manhattan,Entire rental unit,Entire home/apt,2,,1 bath,1.0,1.0,"[""Heating"", ""Wifi"", ""Dryer"", ""Kitchen"", ""Hangers"", ""Shampoo"", ""Carbon monoxide alarm"", ""TV"", ""Pets allowed"", ""Air conditioning"", ""Essentials"", ""Washer"", ""Hot water"", ""Smoke alarm""]",$275.00,30,365,30.0,30.0,365.0,365.0,30.0,365.0,6,15,45,106,2,0,0,2022-01-01,2022-06-14,5.0,5.0,4.5,4.0,4.5,5.0,4.5,f,1,1,0,0,0.09,POINT (-74.00123 40.74383)
37907872,https://www.airbnb.com/rooms/37907872,2023-10-02,157302498,2017-11-03,within an hour,90%,99%,,2.0,4.0,"['email', 'phone']",t,t,Brooklyn,Entire rental unit,Entire home/apt,2,,1 bath,1.0,1.0,"[""Self check-in"", ""Garden view"", ""Single level home"", ""Refrigerator"", ""Wifi"", ""Dishes and silverware"", ""Hair dryer"", ""First aid kit"", ""Cooking basics"", ""Hangers"", ""Free street parking"", ""Heating"", ""Oven"", ""Smoke alarm"", ""Essentials"", ""Coffee maker"", ""Hot water"", ""Free parking on premises"", ""Lockbox"", ""Kitchen"", ""Shampoo"", ""Long term stays allowed"", ""Air conditioning"", ""Stove"", ""TV with standard cable"", ""Fire extinguisher"", ""Iron""]",$179.00,30,1125,30.0,30.0,1125.0,1125.0,30.0,1125.0,4,29,59,334,361,63,4,2019-08-22,2023-09-17,4.87,4.9,4.89,4.9,4.94,4.78,4.73,f,1,1,0,0,7.21,POINT (-73.92815 40.70716)
1143383753162846763,https://www.airbnb.com/rooms/1143383753162846763,2024-05-04,572508219,2024-04-15,within a few hours,100%,,f,13.0,13.0,"['email', 'phone']",f,t,Manhattan,Entire rental unit,Entire home/apt,2,1.0,1 bath,0.0,1.0,"[""Smoke alarm"", ""Air conditioning"", ""Pets allowed"", ""TV"", ""Kitchen"", ""Carbon monoxide alarm"", ""Wifi""]",$125.00,30,365,30.0,30.0,365.0,365.0,30.0,365.0,0,15,45,225,0,0,0,,,,,,,,,,f,12,12,0,0,,POINT (-73.98315 40.74526)
1011465266199320007,https://www.airbnb.com/rooms/1011465266199320007,2024-09-04,542413425,2023-10-18,within a few hours,92%,80%,f,1.0,1.0,"['email', 'phone']",t,t,Manhattan,Entire rental unit,Entire home/apt,7,2.0,2 baths,3.0,4.0,"[""Cleaning products"", ""Clothing storage: closet"", ""Dining table"", ""TV"", ""Smoke alarm"", ""Cooking basics"", ""Hot water kettle"", ""Refrigerator"", ""Kitchen"", ""Hair dryer"", ""Hot water"", ""Room-darkening shades"", ""Iron"", ""Laundromat nearby"", ""Essentials"", ""Gas stove"", ""Carbon monoxide alarm"", ""Bed linens"", ""Freezer"", ""Toaster"", ""Radiant heating"", ""Hangers"", ""Dishes and silverware"", ""Oven"", ""Extra pillows and blankets"", ""Coffee maker: drip coffee maker"", ""Wifi""]",$542.00,6,59,4.0,6.0,59.0,59.0,5.9,59.0,3,15,45,128,34,34,3,2023-11-02,2024-08-21,4.62,4.59,4.35,4.76,4.79,4.91,4.42,f,1,1,0,0,3.31,POINT (-73.97597397274609 40.788806968524106)
1097191727073296605,https://www.airbnb.com/rooms/1097191727073296605,2024-09-04,3223938,2012-08-11,within an hour,99%,23%,f,727.0,1336.0,"['email', 'phone']",t,t,Brooklyn,Private room in rental unit,Private room,1,2.0,2 baths,1.0,1.0,"[""Kitchen"", ""Hot water"", ""Dedicated workspace"", ""Oven"", ""Heating"", ""Hot tub"", ""TV"", ""Stove"", ""Washer"", ""Refrigerator"", ""Wifi""]",$45.00,30,365,30.0,30.0,365.0,800.0,30.0,394.2,29,59,89,364,0,0,0,,,,,,,,,,f,719,0,719,0,,POINT (-73.95235917430051 40.67440798599397)
43271004,https://www.airbnb.com/rooms/43271004,2024-09-05,51548122,2015-12-16,within a few hours,96%,90%,f,48.0,70.0,"['email', 'phone']",t,t,Manhattan,Room in aparthotel,Entire home/apt,2,1.0,1 bath,1.0,1.0,"[""Clothing storage: closet"", ""HOT PLATE induction stove"", ""Elevator"", ""Mini fridge"", ""TV"", ""Smoke alarm"", ""Heating"", ""Exterior security cameras on property"", ""Refrigerator"", ""Conditioner"", ""Kitchen"", ""Hair dryer"", ""Hot water"", ""Body soap"", ""Room-darkening shades"", ""Iron"", ""Private entrance"", ""Free street parking"", ""Washer \u2013\u00a0In building"", ""Microwave"", ""Essentials"", ""Laundromat nearby"", ""Carbon monoxide alarm"", ""Hangers"", ""Shampoo"", ""Dishes and silverware"", ""Coffee maker"", ""Air conditioning"", ""Wifi""]",$210.00,15,29,8.0,15.0,29.0,29.0,14.9,29.0,0,12,41,41,49,15,0,2020-05-29,2024-07-27,4.84,4.88,4.92,4.73,4.51,4.8,4.69,f,48,44,4,0,0.94,POINT (-73.99378 40.71883)
12403252,https://www.airbnb.com/rooms/12403252,2024-09-04,67069129,2016-04-13,within a few hours,100%,50%,f,2.0,2.0,"['email', 'phone']",t,t,Manhattan,Entire rental unit,Entire home/apt,3,1.0,1 bath,1.0,2.0,"[""Cleaning products"", ""Clothing storage: closet"", ""Stove"", ""Smoke alarm"", ""HDTV with Amazon Prime Video, Apple TV, Chromecast, Netflix, Hulu, Roku, Fire TV"", ""Cooking basics"", ""Paid parking off premises"", ""Heating"", ""Refrigerator"", ""Long term stays allowed"", ""Kitchen"", ""Hair dryer"", ""Hot water"", ""Body soap"", ""Room-darkening shades"", ""Iron"", ""Free street parking"", ""Microwave"", ""Essentials"", ""Host greets you"", ""Carbon monoxide alarm"", ""Bed linens"", ""Hangers"", ""Dishes and silverware"", ""Oven"", ""Dedicated workspace"", ""Bathtub"", ""Extra pillows and blankets"", ""Luggage dropoff allowed"", ""Coffee maker"", ""Air conditioning"", ""Wifi""]",$175.00,30,30,30.0,30.0,1125.0,1125.0,30.0,1125.0,30,60,90,365,255,7,0,2016-05-04,2023-12-03,4.72,4.87,4.83,4.78,4.75,4.77,4.7,t,2,2,0,0,2.51,POINT (-73.94934 40.80601)
17347938,https://www.airbnb.com/rooms/17347938,2024-09-04,108982711,2016-12-29,within an hour,100%,90%,t,3.0,5.0,"['email', 'phone']",t,t,Queens,Private room in rental unit,Private room,2,1.0,1 private bath,3.0,4.0,"[""Keypad"", ""Stove"", ""Smoke alarm"", ""Cooking basics"", ""Paid parking off premises"", ""Heating"", ""Exterior security cameras on property"", ""Refrigerator"", ""Long term stays allowed"", ""Backyard"", ""Ethernet connection"", ""Kitchen"", ""Hair dryer"", ""Hot water"", ""Room-darkening shades"", ""Free street parking"", ""Iron"", ""Microwave"", ""Essentials"", ""55 inch HDTV with standard cable, Amazon Prime Video, Netflix, Roku"", ""Carbon monoxide alarm"", ""Bed linens"", ""Hangers"", ""Shampoo"", ""Dishes and silverware"", ""Oven"", ""Dedicated workspace"", ""Extra pillows and blankets"", ""Self check-in"", ""Luggage dropoff allowed"", ""Coffee maker"", ""Air conditioning"", ""Wifi""]",$285.00,3,360,2.0,5.0,360.0,360.0,3.1,360.0,1,2,9,195,221,61,6,2017-05-06,2024-09-01,4.97,4.95,4.96,4.99,5.0,4.93,4.9,f,3,1,2,0,2.47,POINT (-73.91593615929375 40.75626501680838)
1117392950529887686,https://www.airbnb.com/rooms/1117392950529887686,2024-09-04,567937804,2024-03-19,,,,f,2.0,2.0,"['email', 'phone']",f,t,Brooklyn,Private room in rental unit,Private room,1,1.0,1 bath,1.0,1.0,"[""Dedicated workspace"", ""TV"", ""Exterior security cameras on property"", ""Smoke alarm"", ""Carbon monoxide alarm"", ""Air conditioning"", ""Lock on bedroom door"", ""Wifi""]",$120.00,30,365,30.0,30.0,365.0,365.0,30.0,365.0,29,59,89,269,0,0,0,,,,,,,,,,f,2,0,2,0,,POINT (-73.92796523213175 40.69627525316752)
1530386,https://www.airbnb.com/rooms/1530386,2024-09-05,8163133,2013-08-14,within a day,100%,100%,t,1.0,1.0,"['email', 'phone', 'work_email']",t,t,Manhattan,Entire rental unit,Entire home/apt,3,1.0,1 bath,2.0,2.0,"[""Stove"", ""Smoke alarm"", ""Window AC unit"", ""Cooking basics"", ""Heating"", ""Refrigerator"", ""Kitchen"", ""Hair dryer"", ""Hot water"", ""Iron"", ""Microwave"", ""Essentials"", ""Carbon monoxide alarm"", ""Hangers"", ""Shampoo"", ""Dishes and silverware"", ""Oven"", ""Lockbox"", ""Self check-in"", ""Coffee maker"", ""70 inch HDTV with HBO Max"", ""Wifi""]",$349.00,30,1125,30.0,30.0,1125.0,1125.0,30.0,1125.0,30,60,90,365,88,2,0,2014-08-07,2024-08-03,4.72,4.77,4.64,4.88,4.93,4.94,4.49,f,1,1,0,0,0.72,POINT (-74.0021 40.7399)
993576,https://www.airbnb.com/rooms/993576,2024-09-05,15145088,2014-05-05,within an hour,100%,100%,t,8.0,8.0,"['email', 'phone']",t,t,Manhattan,Entire rental unit,Entire home/apt,3,1.0,1 bath,1.0,2.0,"[""Dishwasher"", ""Cleaning products"", ""Crib"", ""Smoke alarm"", ""Rice maker"", ""Summit stainless steel oven"", ""Free dryer \u2013 In building"", ""Shared gym nearby"", ""Central air conditioning"", ""Summit refrigerator"", ""Cooking basics"", ""Table corner guards"", ""Clothing storage: closet and dresser"", ""Exterior security cameras on property"", ""Coffee"", ""Shower gel"", ""Outlet covers"", ""Hot water kettle"", ""37 inch HDTV with Fire TV, premium cable, standard cable"", ""Long term stays allowed"", ""Lake view"", ""Conditioner"", ""Drying rack for clothing"", ""Paid parking on premises"", ""Free washer \u2013 In building"", ""GE  stainless steel gas stove"", ""Ethernet connection"", ""Kitchen"", ""Hair dryer"", ""Hot water"", ""Room-darkening shades"", ""Free street parking"", ""Iron"", ""Private entrance"", ""Coffee maker: Nespresso"", ""Wine glasses"", ""Microwave"", ""Essentials"", ""Central heating"", ""Laundromat nearby"", ""Smart lock"", ""Carbon monoxide alarm"", ""Cleaning available during stay"", ""Pets allowed"", ""Bed linens"", ""Freezer"", ""Toaster"", ""Hangers"", ""Shampoo"", ""Paid street parking off premises"", ""Dishes and silverware"", ""High chair"", ""Yardley London English Lavender body soap"", ""Bathtub"", ""Park view"", ""Dedicated workspace"", ""River view"", ""Baking sheet"", ""Extra pillows and blankets"", ""Self check-in"", ""Luggage dropoff allowed"", ""Blender"", ""Wifi"", ""Free parking on premises""]",$216.00,30,1125,30.0,30.0,1125.0,1125.0,30.0,1125.0,16,46,76,351,23,5,0,2015-08-09,2024-08-04,4.87,4.91,5.0,4.91,5.0,4.87,4.61,f,8,8,0,0,0.21,POINT (-73.97321 40.78741)
53687603,https://www.airbnb.com/rooms/53687603,2023-10-02,407304997,2021-06-15,within an hour,100%,100%,f,31.0,55.0,"['email', 'phone']",t,t,Manhattan,Entire rental unit,Entire home/apt,5,,1.5 baths,2.0,2.0,"[""Microwave"", ""Self check-in"", ""Dryer"", ""Building staff"", ""Refrigerator"", ""Wifi"", ""Dishes and silverware"", ""Gym"", ""Hair dryer"", ""Cooking basics"", ""Hangers"", ""Bed linens"", ""Paid parking garage off premises"", ""Bathtub"", ""Heating"", ""Dedicated workspace"", ""Elevator"", ""Smoke alarm"", ""Washer"", ""Essentials"", ""Pets allowed"", ""TV"", ""Carbon monoxide alarm"", ""Coffee maker"", ""Hot water"", ""Dishwasher"", ""Room-darkening shades"", ""Kitchen"", ""Shampoo"", ""Air conditioning"", ""Stove"", ""Iron""]",$274.00,30,720,30.0,30.0,1125.0,1125.0,30.0,1125.0,0,0,0,0,9,8,0,2022-03-30,2023-08-12,5.0,4.89,4.78,4.89,5.0,4.78,5.0,t,31,31,0,0,0.49,POINT (-74.00677 40.71019)
780793386308713533,https://www.airbnb.com/rooms/780793386308713533,2024-09-04,53363226,2016-01-04,within a day,50%,0%,f,1.0,2.0,"['email', 'phone']",t,t,Manhattan,Entire condo,Entire home/apt,6,2.5,2.5 baths,3.0,3.0,"[""Indoor fireplace"", ""Kitchen"", ""Dedicated workspace"", ""Lockbox"", ""TV"", ""Self check-in"", ""Smoke alarm"", ""Washer"", ""Carbon monoxide alarm"", ""Air conditioning"", ""Wifi""]","$1,829.00",30,365,30.0,30.0,365.0,365.0,30.0,365.0,29,59,89,364,2,0,0,2023-04-01,2023-05-01,5.0,5.0,5.0,5.0,5.0,5.0,5.0,f,1,1,0,0,0.11,POINT (-74.00598 40.73713)
53562090,https://www.airbnb.com/rooms/53562090,2024-02-06,108614805,2016-12-26,,,33%,f,1.0,1.0,"['email', 'phone', 'work_email']",t,t,Brooklyn,Private room in casa particular,Private room,1,1.0,1 shared bath,1.0,1.0,"[""AC - split type ductless system"", ""Hot water"", ""Carbon monoxide alarm"", ""Smoke alarm"", ""Wifi"", ""City skyline view"", ""Kitchen"", ""Host greets you""]",$53.00,30,60,30.0,30.0,60.0,60.0,30.0,60.0,0,0,0,132,0,0,0,,,,,,,,,,f,1,0,1,0,,POINT (-73.9829 40.68386)
705838938258296964,https://www.airbnb.com/rooms/705838938258296964,2023-12-05,477578342,2022-08-31,,,98%,t,1.0,1.0,"['email', 'phone']",t,t,Manhattan,Entire rental unit,Entire home/apt,4,,1 bath,,2.0,"[""Fire extinguisher"", ""Heating"", ""Carbon monoxide alarm"", ""Essentials"", ""Cooking basics"", ""Hot water kettle"", ""Microwave"", ""Refrigerator"", ""Central air conditioning"", ""Dishwasher"", ""Smoke alarm"", ""Wifi"", ""Elevator"", ""Bed linens"", ""Gas stove"", ""Hangers"", ""Dedicated workspace"", ""23\"" HDTV with Netflix"", ""Kitchen"", ""Dishes and silverware""]",$250.00,30,365,30.0,30.0,365.0,365.0,30.0,365.0,0,0,0,0,46,35,0,2022-10-08,2023-11-04,4.68,4.79,4.74,4.85,4.91,4.98,4.53,t,1,1,0,0,3.25,POINT (-73.99469 40.72392)
641930068984421251,https://www.airbnb.com/rooms/641930068984421251,2024-09-04,4483467,2012-12-24,within a day,75%,25%,t,4.0,6.0,"['email', 'phone']",t,t,Brooklyn,Entire rental unit,Entire home/apt,2,1.0,1 bath,1.0,1.0,"[""Cleaning products"", ""Window AC unit"", ""Cooking basics"", ""Exterior security cameras on property"", ""Refrigerator"", ""Conditioner"", ""Kitchen"", ""Hot water"", ""Room-darkening shades"", ""Record player"", ""Essentials"", ""Gas stove"", ""Freezer"", ""Radiant heating"", ""Shampoo"", ""Hangers"", ""Bidet"", ""Dishes and silverware"", ""Oven"", ""Dedicated workspace"", ""Bathtub"", ""Extra pillows and blankets"", ""Wifi""]",$250.00,30,365,30.0,30.0,365.0,365.0,30.0,365.0,30,60,90,365,10,0,0,2022-06-13,2023-08-14,4.7,4.6,4.4,4.9,5.0,5.0,4.5,f,4,2,2,0,0.37,POINT (-73.9555 40.7326)
803378937776961718,https://www.airbnb.com/rooms/803378937776961718,2024-09-05,305240193,2019-10-29,within a few hours,100%,79%,f,382.0,1480.0,"['email', 'phone']",t,t,Manhattan,Private room in rental unit,Private room,1,0.0,0 shared baths,2.0,1.0,"[""Dishwasher"", ""Dishes and silverware"", ""Hot water"", ""Dedicated workspace"", ""Cooking basics"", ""Oven"", ""Dryer"", ""Free street parking"", ""Lockbox"", ""Heating"", ""TV"", ""Self check-in"", ""Microwave"", ""Smoke alarm"", ""Washer"", ""Carbon monoxide alarm"", ""Wifi""]",$100.00,30,365,30.0,30.0,365.0,365.0,30.0,365.0,29,59,89,363,0,0,0,,,,,,,,,,f,354,2,352,0,,POINT (-73.98088 40.73629)
1225516025725899603,https://www.airbnb.com/rooms/1225516025725899603,2024-09-04,66658078,2016-04-10,within an hour,100%,64%,t,3.0,3.0,"['email', 'phone']",t,t,Brooklyn,Entire rental unit,Entire home/apt,2,1.0,1 bath,2.0,2.0,"[""Cleaning products"", ""Stainless steel single oven"", ""TV"", ""Smoke alarm"", ""Washer"", ""Cooking basics"", ""Coffee"", ""Portable fans"", ""Stainless steel gas stove"", ""Free dryer \u2013 In unit"", ""Hot water kettle"", ""Refrigerator"", ""Long term stays allowed"", ""Housekeeping - available at extra cost"", ""Books and reading material"", ""Fast wifi \u2013 291 Mbps"", ""Hot water"", ""Room-darkening shades"", ""Kitchen"", ""Free street parking"", ""Portable heater"", ""Wine glasses"", ""Microwave"", ""Host greets you"", ""Carbon monoxide alarm"", ""Pets allowed"", ""Bed linens"", ""Freezer"", ""Radiant heating"", ""Hangers"", ""Dishes and silverware"", ""Dedicated workspace"", ""Bathtub"", ""Baking sheet"", ""Clothing storage"", ""Dining table"", ""Coffee maker: french press""]",$136.00,30,365,30.0,30.0,365.0,365.0,30.0,365.0,3,33,63,182,0,0,0,,,,,,,,,,f,3,3,0,0,,POINT (-73.96468245767352 40.70843730737064)
46436583,https://www.airbnb.com/rooms/46436583,2024-09-05,348619646,2020-06-03,within an hour,100%,95%,f,51.0,57.0,"['email', 'phone']",t,t,Manhattan,Entire rental unit,Entire home/apt,5,1.0,1 bath,0.0,3.0,"[""TV"", ""Stove"", ""Smoke alarm"", ""Cooking basics"", ""Heating"", ""Shower gel"", ""Refrigerator"", ""Conditioner"", ""Kitchen"", ""Hair dryer"", ""Body soap"", ""Iron"", ""Fire extinguisher"", ""Microwave"", ""Essentials"", ""Bed linens"", ""Hangers"", ""Shampoo"", ""Dishes and silverware"", ""Coffee maker"", ""Air conditioning"", ""Wifi""]",$259.00,7,1125,1.0,6.0,1125.0,1125.0,5.8,1125.0,5,22,52,290,53,28,0,2021-08-02,2024-07-08,4.53,4.62,4.34,4.62,4.75,4.87,4.28,f,51,40,11,0,1.41,POINT (-73.9888 40.74665)
9708577,https://www.airbnb.com/rooms/9708577,2024-09-04,50126257,2015-11-29,within an hour,100%,100%,t,1.0,2.0,"['email', 'phone']",t,t,Brooklyn,Entire rental unit,Entire home/apt,6,2.0,2 baths,3.0,6.0,"[""Dishwasher"", ""Stove"", ""Smoke alarm"", ""Washer"", ""Children\u2019s books and toys"", ""Cooking basics"", ""Heating"", ""Refrigerator"", ""Long term stays allowed"", ""TV with standard cable"", ""Kitchen"", ""Hair dryer"", ""Hot water"", ""Free street parking"", ""Dryer"", ""Iron"", ""Pack \u2019n play/Travel crib"", ""Microwave"", ""Essentials"", ""Carbon monoxide alarm"", ""Bed linens"", ""Hangers"", ""Shampoo"", ""Dishes and silverware"", ""Oven"", ""Bathtub"", ""Luggage dropoff allowed"", ""Babysitter recommendations"", ""Air conditioning"", ""Wifi""]",$370.00,30,30,30.0,30.0,1125.0,1125.0,30.0,1125.0,30,60,90,365,192,13,0,2017-06-29,2023-12-04,4.87,4.91,4.95,4.92,4.97,4.59,4.74,f,1,1,0,0,2.19,POINT (-73.98985 40.63511)
1140648575559885533,https://www.airbnb.com/rooms/1140648575559885533,2024-09-04,171136827,2018-02-01,within an hour,99%,99%,f,4.0,10.0,"['email', 'phone']",t,t,Brooklyn,Private room in rental unit,Private room,2,1.5,1.5 baths,1.0,1.0,"[""Mosquito net"", ""Cleaning products"", ""Dishwasher"", ""Dining table"", ""TV"", ""Stove"", ""Smoke alarm"", ""Washer"", ""Cooking basics"", ""Paid parking off premises"", ""Exterior security cameras on property"", ""Shower gel"", ""Hot water kettle"", ""Refrigerator"", ""Conditioner"", ""Kitchen"", ""Hair dryer"", ""Hot water"", ""Body soap"", ""Room-darkening shades"", ""Dryer"", ""Iron"", ""Free street parking"", ""Fire extinguisher"", ""Wine glasses"", ""Microwave"", ""Essentials"", ""Central heating"", ""Carbon monoxide alarm"", ""Freezer"", ""Toaster"", ""Hangers"", ""Shampoo"", ""Dishes and silverware"", ""Oven"", ""Dedicated workspace"", ""Extra pillows and blankets"", ""First aid kit"", ""Luggage dropoff allowed"", ""Coffee maker"", ""Air conditioning"", ""Wifi""]",$150.00,1,365,1.0,1.0,365.0,365.0,1.0,365.0,8,36,66,246,13,13,0,2024-05-06,2024-08-04,4.15,3.85,4.08,4.0,4.15,4.08,4.15,t,4,0,4,0,3.2,POINT (-73.94483854570369 40.69953978343126)
741351653042481480,https://www.airbnb.com/rooms/741351653042481480,2023-12-04,484290309,2022-10-19,within an hour,100%,100%,t,1.0,1.0,"['email', 'phone']",t,t,Bronx,Entire rental unit,Entire home/apt,2,,1 bath,,3.0,"[""Clothing storage: closet and wardrobe"", ""Long term stays allowed"", ""Coffee"", ""Radiant heating"", ""Cooking basics"", ""Microwave"", ""Extra pillows and blankets"", ""Shampoo"", ""Cleaning products"", ""Dedicated workspace"", ""Dishwasher"", ""Baking sheet"", ""Laundromat nearby"", ""Dishes and silverware"", ""Shower gel"", ""Cleaning available during stay"", ""Conditioner"", ""Trash compactor"", ""Hangers"", ""Fire extinguisher"", ""Iron"", ""Free washer \u2013 In unit"", ""Carbon monoxide alarm"", ""Toaster"", ""Stove"", ""Wifi"", ""Wine glasses"", ""Self check-in"", ""Kitchen"", ""55\"" HDTV with Netflix"", ""Hair dryer"", ""Room-darkening shades"", ""First aid kit"", ""Private entrance"", ""Essentials"", ""Blender"", ""AC - split type ductless system"", ""Coffee maker"", ""Refrigerator"", ""Lockbox"", ""Heating - split type ductless system"", ""Smoke alarm"", ""Hot water"", ""Free dryer \u2013 In unit"", ""Bed linens"", ""Safe"", ""Free street parking""]",$220.00,30,30,30.0,30.0,1125.0,1125.0,30.0,1125.0,29,54,84,359,48,45,0,2022-10-30,2023-11-03,4.77,4.77,4.92,4.92,4.94,4.63,4.75,t,1,1,0,0,3.59,POINT (-73.8508083 40.8622919)
1050883540304911217,https://www.airbnb.com/rooms/1050883540304911217,2024-06-05,365342297,2020-08-31,within an hour,93%,89%,f,2.0,3.0,"['email', 'phone']",t,t,Manhattan,Private room in rental unit,Private room,2,1.0,1 shared bath,1.0,1.0,"[""Stove"", ""Lock on bedroom door"", ""Cleaning products"", ""Bed linens"", ""Hot water"", ""Room-darkening shades"", ""Extra pillows and blankets"", ""Bathtub"", ""Wifi"", ""Kitchen"", ""Shampoo"", ""Carbon monoxide alarm"", ""Hot water kettle"", ""Coffee maker"", ""Smoke alarm"", ""Free street parking"", ""Microwave"", ""Freezer"", ""Fire extinguisher"", ""Air conditioning"", ""Cooking basics"", ""Host greets you"", ""Heating"", ""Hair dryer"", ""Body soap"", ""Dishes and silverware"", ""Hangers"", ""Essentials"", ""Refrigerator""]",$86.00,30,365,30.0,30.0,365.0,365.0,30.0,365.0,29,59,89,179,1,1,0,2024-05-02,2024-05-02,2.0,3.0,1.0,5.0,5.0,5.0,2.0,f,2,0,2,0,0.86,POINT (-73.99007336168215 40.713830720702255)
660468074010524274,https://www.airbnb.com/rooms/660468074010524274,2024-09-05,37918574,2015-07-08,,,,f,2.0,8.0,"['email', 'phone']",t,t,Brooklyn,Entire rental unit,Entire home/apt,7,2.0,2 baths,3.0,3.0,"[""Mosquito net"", ""Cleaning products"", ""Dining table"", ""Keypad"", ""TV"", ""Smoke alarm"", ""Washer"", ""Cooking basics"", ""Heating"", ""Outdoor furniture"", ""Outdoor dining area"", ""Shower gel"", ""Refrigerator"", ""Kitchen"", ""Hair dryer"", ""Hot water"", ""Dryer"", ""Iron"", ""Private entrance"", ""Game console"", ""Wine glasses"", ""Freezer"", ""Toaster"", ""Shampoo"", ""Oven"", ""Self check-in"", ""First aid kit"", ""Coffee maker"", ""Air conditioning"", ""Wifi"", ""Free parking on premises""]",$542.00,30,1125,30.0,30.0,1125.0,1125.0,30.0,1125.0,30,60,90,179,35,6,0,2022-07-28,2023-10-22,4.74,4.8,4.43,5.0,4.97,5.0,4.69,t,2,1,1,0,1.36,POINT (-73.9567 40.71514)
648487968072894005,https://www.airbnb.com/rooms/648487968072894005,2024-09-05,464060867,2022-06-13,within a day,100%,40%,t,1.0,2.0,"['email', 'phone']",t,t,Manhattan,Entire condo,Entire home/apt,8,2.5,2.5 baths,3.0,4.0,"[""Dishwasher"", ""Cleaning products"", ""Crib"", ""Smoke alarm"", ""Window AC unit"", ""Free washer \u2013 In unit"", ""Cooking basics"", ""Exterior security cameras on property"", ""Coffee maker: Keurig coffee machine"", ""Shower gel"", ""Coffee"", ""Outdoor furniture"", ""Portable fans"", ""Stainless steel gas stove"", ""Free dryer \u2013 In unit"", ""Hot water kettle"", ""Refrigerator"", ""Ceiling fan"", ""Outdoor dining area"", ""Conditioner"", ""Long term stays allowed"", ""Books and reading material"", ""Noise decibel monitors on property"", ""Safe"", ""65 inch HDTV with Amazon Prime Video, Disney+, HBO Max, Hulu, Netflix, Roku, standard cable"", ""Hair dryer"", ""Hot water"", ""Body soap"", ""Room-darkening shades"", ""Iron"", ""Kitchen"", ""Shared backyard \u2013 Fully fenced"", ""Free street parking"", ""Fire extinguisher"", ""Wine glasses"", ""Microwave"", ""Essentials"", ""Central heating"", ""Laundromat nearby"", ""Paid parking garage off premises"", ""Smart lock"", ""Carbon monoxide alarm"", ""Clothing storage: walk-in closet and closet"", ""Bed linens"", ""Freezer"", ""Toaster"", ""Hangers"", ""Shampoo"", ""Dishes and silverware"", ""Bathtub"", ""Baking sheet"", ""Stainless steel oven"", ""Extra pillows and blankets"", ""Self check-in"", ""First aid kit"", ""Fast wifi \u2013 492 Mbps"", ""Luggage dropoff allowed"", ""Dining table""]",$380.00,30,31,30.0,30.0,31.0,31.0,30.0,31.0,12,17,47,165,75,9,0,2022-07-05,2024-07-14,4.96,4.93,4.92,4.97,4.97,4.97,4.8,f,1,1,0,0,2.83,POINT (-73.99094 40.76449)
1000691832643780415,https://www.airbnb.com/rooms/1000691832643780415,2024-09-04,10806025,2013-12-25,within an hour,96%,94%,f,2.0,2.0,"['email', 'phone', 'work_email']",t,t,Manhattan,Entire place,Entire home/apt,2,1.0,1 bath,1.0,2.0,"[""Keypad"", ""TV"", ""Smoke alarm"", ""Heating"", ""Shower gel"", ""Hot water kettle"", ""Refrigerator"", ""Conditioner"", ""Kitchen"", ""Hair dryer"", ""Hot water"", ""Body soap"", ""Iron"", ""Microwave"", ""Essentials"", ""Carbon monoxide alarm"", ""Bed linens"", ""Hangers"", ""Shampoo"", ""Dishes and silverware"", ""Self check-in"", ""Coffee maker"", ""Air conditioning"", ""Wifi""]",$196.00,1,365,1.0,1.0,365.0,365.0,1.0,365.0,6,17,40,40,37,37,1,2023-11-10,2024-08-07,4.51,4.59,4.59,4.51,4.81,4.35,4.38,f,2,1,1,0,3.7,POINT (-73.94341125993142 40.81854006640637)
697155684676038214,https://www.airbnb.com/rooms/697155684676038214,2024-09-05,450580547,2022-03-21,within an hour,96%,86%,f,17.0,24.0,"['email', 'phone']",t,t,Manhattan,Entire rental unit,Entire home/apt,2,1.0,1 bath,0.0,1.0,"[""Single level home"", ""Hot Plate stove"", ""Dining table"", ""TV"", ""Smoke alarm"", ""Cooking basics"", ""Heating"", ""Hot water kettle"", ""Refrigerator"", ""Long term stays allowed"", ""Kitchen"", ""Hair dryer"", ""Hot water"", ""Iron"", ""Wine glasses"", ""Microwave"", ""Essentials"", ""Laundromat nearby"", ""Carbon monoxide alarm"", ""Pets allowed"", ""Bed linens"", ""Freezer"", ""Toaster"", ""Hangers"", ""Dishes and silverware"", ""Dedicated workspace"", ""Bathtub"", ""Extra pillows and blankets"", ""Coffee maker"", ""Air conditioning"", ""Wifi""]",$150.00,30,1125,30.0,30.0,1125.0,1125.0,30.0,1125.0,0,0,0,262,3,2,0,2023-03-10,2023-11-21,4.33,4.33,4.0,4.67,5.0,4.67,5.0,f,16,16,0,0,0.16,POINT (-73.95464 40.76958)
760245558368504183,https://www.airbnb.com/rooms/760245558368504183,2024-05-03,454216204,2022-04-14,,,,f,3.0,6.0,['phone'],t,t,Queens,Entire rental unit,Entire home/apt,4,1.0,1 bath,2.0,1.0,"[""Hair dryer"", ""Dining table"", ""Essentials"", ""Laundromat nearby"", ""Wifi"", ""Bathtub"", ""Heating"", ""Dishes and silverware"", ""Refrigerator"", ""Microwave"", ""HDTV with Fire TV, Netflix, Amazon Prime Video, HBO Max, Apple TV, Disney+, Hulu, Chromecast"", ""Iron"", ""Wine glasses"", ""Oven"", ""Gas stove"", ""Cooking basics"", ""Freezer"", ""Self check-in"", ""Coffee"", ""Coffee maker"", ""Central air conditioning"", ""Mini fridge"", ""Lockbox"", ""Free street parking"", ""Kitchen"", ""Toaster""]",$175.00,30,365,30.0,30.0,365.0,365.0,30.0,365.0,30,60,90,365,4,0,0,2022-11-26,2023-01-02,4.75,5.0,4.5,4.75,4.75,4.5,4.75,f,3,2,1,0,0.23,POINT (-73.82387 40.66758)
52690933,https://www.airbnb.com/rooms/52690933,2024-07-05,267272502,2019-06-09,within an hour,100%,97%,f,35.0,39.0,"['email', 'phone']",t,t,Brooklyn,Private room in townhouse,Private room,2,2.0,2 shared baths,1.0,1.0,"[""Smoke alarm"", ""Coffee maker: drip coffee maker"", ""Bed linens"", ""Oven"", ""Cleaning products"", ""Dedicated workspace"", ""Microwave"", ""Dishes and silverware"", ""Stove"", ""Free street parking"", ""Hair dryer"", ""Self check-in"", ""Fire extinguisher"", ""Keypad"", ""Toaster"", ""Bathtub"", ""Iron"", ""Essentials"", ""Radiant heating"", ""Lock on bedroom door"", ""Laundromat nearby"", ""Kitchen"", ""Wifi"", ""Luggage dropoff allowed"", ""Refrigerator"", ""City skyline view"", ""Cooking basics"", ""Hot water"", ""32 inch HDTV with Netflix"", ""Carbon monoxide alarm"", ""Wine glasses"", ""Rice maker"", ""Dove body soap"", ""Drying rack for clothing"", ""Mini fridge"", ""Private entrance"", ""Exterior security cameras on property"", ""Hangers"", ""First aid kit"", ""Dining table"", ""Shared patio or balcony"", ""Books and reading material"", ""Window AC unit"", ""Hot water kettle"", ""Long term stays allowed""]",$58.00,30,365,30.0,30.0,1125.0,1125.0,30.0,1125.0,8,38,68,343,19,2,0,2021-12-11,2023-10-08,4.47,4.74,4.0,5.0,4.84,4.11,4.26,t,29,2,27,0,0.61,POINT (-73.95103 40.69258)
955642047468711045,https://www.airbnb.com/rooms/955642047468711045,2024-09-04,107434423,2016-12-16,within an hour,100%,96%,f,4494.0,4784.0,"['email', 'phone', 'work_email']",t,t,Manhattan,Entire rental unit,Entire home/apt,4,1.5,1.5 baths,2.0,2.0,"[""Dishwasher"", ""Crib"", ""TV"", ""Smoke alarm"", ""Patio or balcony"", ""Cooking basics"", ""Heating"", ""Refrigerator"", ""Long term stays allowed"", ""Kitchen"", ""Hair dryer"", ""Hot water"", ""Iron"", ""Private entrance"", ""Microwave"", ""Essentials"", ""Carbon monoxide alarm"", ""Pets allowed"", ""Bed linens"", ""Hangers"", ""Dryer \u2013\u00a0In unit"", ""Shampoo"", ""High chair"", ""Dedicated workspace"", ""Bathtub"", ""Oven"", ""Lockbox"", ""Self check-in"", ""Coffee maker"", ""Washer \u2013\u00a0In unit"", ""Air conditioning"", ""Wifi""]",$379.00,31,1125,31.0,365.0,1125.0,1125.0,38.3,1125.0,0,17,47,322,1,1,0,2023-12-25,2023-12-25,5.0,5.0,5.0,5.0,5.0,5.0,5.0,f,876,876,0,0,0.12,POINT (-73.9830588 40.7229867)
1197713677525733501,https://www.airbnb.com/rooms/1197713677525733501,2024-09-04,107434423,2016-12-16,within an hour,100%,96%,f,4494.0,4784.0,"['email', 'phone', 'work_email']",t,t,Brooklyn,Entire rental unit,Entire home/apt,4,1.0,1 bath,2.0,2.0,"[""Dishwasher"", ""Crib"", ""TV"", ""Smoke alarm"", ""Patio or balcony"", ""Cooking basics"", ""Heating"", ""Refrigerator"", ""Long term stays allowed"", ""Kitchen"", ""Hair dryer"", ""Hot water"", ""Iron"", ""Private entrance"", ""Microwave"", ""Essentials"", ""Carbon monoxide alarm"", ""Pets allowed"", ""Bed linens"", ""Hangers"", ""Shampoo"", ""Dryer \u2013\u00a0In unit"", ""High chair"", ""Oven"", ""Lockbox"", ""Self check-in"", ""Coffee maker"", ""Washer \u2013\u00a0In unit"", ""Air conditioning"", ""Wifi""]",$421.00,30,1125,31.0,365.0,1125.0,1125.0,34.8,1125.0,0,0,18,293,0,0,0,,,,,,,,,,t,876,876,0,0,,POINT (-73.9917001 40.67034750000001)
984168506198599022,https://www.airbnb.com/rooms/984168506198599022,2023-12-04,537912409,2023-09-19,within an hour,100%,,f,1.0,1.0,"['email', 'phone']",t,t,Brooklyn,Entire rental unit,Entire home/apt,3,,1 bath,,2.0,"[""Long term stays allowed"", ""Clothing storage"", ""Cooking basics"", ""Pets allowed"", ""Microwave"", ""Extra pillows and blankets"", ""Shampoo"", ""Cleaning products"", ""Dedicated workspace"", ""Dishwasher"", ""Baking sheet"", ""Dishes and silverware"", ""Conditioner"", ""Hot water kettle"", ""55\"" TV with Fire TV"", ""Hangers"", ""Dining table"", ""Fire extinguisher"", ""Iron"", ""Oven"", ""Free washer \u2013 In unit"", ""Carbon monoxide alarm"", ""Toaster"", ""Security cameras on property"", ""Wifi"", ""Stove"", ""Self check-in"", ""Kitchen"", ""Central heating"", ""Hair dryer"", ""Air conditioning"", ""Coffee maker: french press, Nespresso"", ""Private entrance"", ""Essentials"", ""Keypad"", ""Body soap"", ""Refrigerator"", ""Freezer"", ""Smoke alarm"", ""Hot water"", ""Free dryer \u2013 In unit"", ""Bed linens"", ""Free street parking""]",$100.00,30,180,30.0,30.0,180.0,180.0,30.0,180.0,29,59,89,364,0,0,0,,,,,,,,,,t,1,1,0,0,,POINT (-73.88967 40.68341)
1076304991439445196,https://www.airbnb.com/rooms/1076304991439445196,2024-09-05,492711196,2022-12-25,within a few hours,100%,62%,t,10.0,10.0,['phone'],t,t,Manhattan,Entire rental unit,Entire home/apt,6,2.0,2 baths,2.0,2.0,"[""Dishwasher"", ""Cleaning products"", ""Elevator"", ""Dining table"", ""TV"", ""Stove"", ""Smoke alarm"", ""Washer"", ""Crib - available upon request"", ""High chair - available upon request"", ""Cooking basics"", ""Hot water kettle"", ""Refrigerator"", ""Long term stays allowed"", ""Drying rack for clothing"", ""Shared gym in building"", ""Paid parking on premises"", ""Kitchen"", ""Hair dryer"", ""Hot water"", ""Room-darkening shades"", ""Iron"", ""Wine glasses"", ""Microwave"", ""Essentials"", ""Central heating"", ""Trash compactor"", ""Free dryer"", ""Carbon monoxide alarm"", ""Pets allowed"", ""Bed linens"", ""Toaster"", ""Hangers"", ""Dishes and silverware"", ""Oven"", ""Dedicated workspace"", ""Extra pillows and blankets"", ""First aid kit"", ""Blender"", ""Coffee maker"", ""Air conditioning"", ""Wifi""]",$295.00,30,365,30.0,30.0,365.0,365.0,30.0,365.0,0,0,30,210,1,1,0,2024-03-27,2024-03-27,5.0,5.0,5.0,5.0,5.0,5.0,5.0,f,10,10,0,0,0.18,POINT (-73.96401569651735 40.75656932536185)
859119320795456114,https://www.airbnb.com/rooms/859119320795456114,2024-09-05,48088611,2015-11-03,within an hour,100%,100%,f,4.0,5.0,"['email', 'phone']",t,t,Manhattan,Entire rental unit,Entire home/apt,5,1.0,1 bath,0.0,3.0,"[""Crib"", ""Elevator"", ""TV"", ""Stove"", ""Smoke alarm"", ""Window AC unit"", ""Cooking basics"", ""Heating"", ""Exterior security cameras on property"", ""Paid washer \u2013 In building"", ""Refrigerator"", ""Kitchen"", ""Hair dryer"", ""Iron"", ""Microwave"", ""Essentials"", ""Pets allowed"", ""Bed linens"", ""Freezer"", ""Building staff"", ""Dishes and silverware"", ""Bathtub"", ""Self check-in"", ""Coffee maker"", ""Wifi"", ""Paid dryer \u2013 In building""]",$287.00,1,1125,1.0,3.0,1125.0,1125.0,2.0,1125.0,2,9,21,272,19,9,1,2023-04-02,2024-08-11,4.42,4.63,4.58,4.63,4.84,4.68,4.37,t,4,4,0,0,1.09,POINT (-73.98865125093354 40.74814722947208)
667644674529935702,https://www.airbnb.com/rooms/667644674529935702,2024-11-05,439560254,2022-01-08,within an hour,100%,98%,t,1.0,1.0,"['email', 'phone']",t,t,,Entire rental unit,Entire home/apt,4,1.0,1 bath,1.0,2.0,"[""Portable air conditioning"", ""Hangers"", ""Shower gel"", ""Hair dryer"", ""Heating"", ""Portable fans"", ""Extra pillows and blankets"", ""Indoor fireplace"", ""Iron"", ""Bed linens"", ""Self check-in"", ""Clothing storage: closet"", ""Dishes and silverware"", ""Body soap"", ""Coffee maker: drip coffee maker, french press"", ""Fire extinguisher"", ""Essentials"", ""Cleaning products"", ""Room-darkening shades"", ""Refrigerator"", ""Hot water"", ""Cooking basics"", ""Sound system"", ""Oven"", ""Lockbox"", ""Free street parking"", ""Carbon monoxide alarm"", ""Books and reading material"", ""Laundromat nearby"", ""Baking sheet"", ""Private entrance"", ""Kitchen"", ""Fast wifi \u2013 171 Mbps"", ""Dedicated workspace"", ""Smoke alarm"", ""Shampoo"", ""Microwave"", ""Long term stays allowed"", ""Gas stove"", ""32 inch HDTV"", ""Wine glasses""]",$118.00,2,1125,2.0,2.0,1125.0,1125.0,2.0,1125.0,23,53,83,83,90,31,0,2022-07-30,2024-09-26,4.91,4.92,4.83,4.96,5.0,4.9,4.86,f,1,1,0,0,3.25,POINT (-73.76367520540953 42.65541380925019)
11210829,https://www.airbnb.com/rooms/11210829,2024-09-05,58389790,2016-02-11,,,,f,1.0,1.0,"['email', 'phone']",t,t,Brooklyn,Entire rental unit,Entire home/apt,4,1.0,1 bath,1.0,2.0,"[""Kitchen"", ""Hair dryer"", ""Iron"", ""Wifi"", ""Heating"", ""Hot tub"", ""Essentials"", ""Smoke alarm"", ""Carbon monoxide alarm"", ""Air conditioning"", ""Hangers""]",$85.00,180,180,180.0,180.0,180.0,180.0,180.0,180.0,29,59,89,363,0,0,0,,,,,,,,,,f,1,1,0,0,,POINT (-73.93118 40.68521)
40946694,https://www.airbnb.com/rooms/40946694,2024-09-05,162280872,2017-12-11,within an hour,100%,82%,f,242.0,373.0,"['email', 'phone']",t,t,Manhattan,Entire rental unit,Entire home/apt,3,1.0,1 bath,1.0,1.0,"[""Clothing storage: closet"", ""Elevator"", ""Dining table"", ""TV"", ""Stove"", ""Smoke alarm"", ""Free washer \u2013 In unit"", ""Cooking basics"", ""Heating"", ""Hot water kettle"", ""Refrigerator"", ""Long term stays allowed"", ""Kitchen"", ""Hair dryer"", ""Hot water"", ""Free street parking"", ""Dryer"", ""Iron"", ""Wine glasses"", ""Microwave"", ""Essentials"", ""Smart lock"", ""Carbon monoxide alarm"", ""Pets allowed"", ""Bed linens"", ""Freezer"", ""Toaster"", ""Hangers"", ""Dishes and silverware"", ""Oven"", ""Dedicated workspace"", ""Extra pillows and blankets"", ""Self check-in"", ""Coffee maker: drip coffee maker"", ""Air conditioning"", ""Wifi""]",$202.00,30,365,30.0,30.0,365.0,365.0,30.0,365.0,3,33,63,305,6,1,0,2020-02-02,2024-07-25,4.5,4.17,4.67,4.67,5.0,5.0,4.17,f,213,213,0,0,0.11,POINT (-73.95748138427734 40.77077102661133)
1534212,https://www.airbnb.com/rooms/1534212,2024-09-05,7365834,2013-07-08,within an hour,100%,72%,f,4.0,9.0,"['email', 'phone']",t,t,Brooklyn,Entire rental unit,Entire home/apt,4,1.0,1 bath,1.0,3.0,"[""Clothing storage: closet"", ""TV"", ""Stove"", ""Smoke alarm"", ""Cooking basics"", ""Heating"", ""Shower gel"", ""Refrigerator"", ""Drying rack for clothing"", ""Safe"", ""Kitchen"", ""Hair dryer"", ""Hot water"", ""Body soap"", ""Free street parking"", ""Dryer"", ""Iron"", ""Fire extinguisher"", ""Microwave"", ""Essentials"", ""Smart lock"", ""Carbon monoxide alarm"", ""Shampoo"", ""Indoor fireplace"", ""Oven"", ""LG conditioner"", ""Private hot tub"", ""Extra pillows and blankets"", ""Self check-in"", ""First aid kit"", ""Coffee maker"", ""Air conditioning"", ""Wifi"", ""Free parking on premises""]",$89.00,30,365,30.0,30.0,365.0,365.0,30.0,365.0,30,60,90,365,94,8,0,2014-05-12,2024-07-04,4.21,4.27,4.47,4.63,4.6,4.36,4.16,f,2,2,0,0,0.75,POINT (-73.958626 40.583683)
1392673,https://www.airbnb.com/rooms/1392673,2023-10-02,7503643,2013-07-15,within a day,98%,95%,t,27.0,52.0,"['email', 'phone', 'work_email']",t,t,Brooklyn,Entire loft,Entire home/apt,4,,1 bath,,1.0,"[""Microwave"", ""Self check-in"", ""Dryer"", ""Refrigerator"", ""Wifi"", ""Dishes and silverware"", ""Cooking basics"", ""Free street parking"", ""Heating"", ""Dedicated workspace"", ""Oven"", ""Smoke alarm"", ""Washer"", ""Essentials"", ""Pets allowed"", ""Carbon monoxide alarm"", ""Coffee maker"", ""Hot water"", ""Lockbox"", ""Kitchen"", ""Air conditioning"", ""TV with standard cable""]",$135.00,30,365,30.0,30.0,1125.0,1125.0,30.0,1125.0,11,41,71,132,9,1,0,2014-01-18,2022-10-03,4.78,4.89,4.89,4.89,4.78,4.44,4.56,t,27,26,0,0,0.08,POINT (-73.94056 40.72531)
622358110058121837,https://www.airbnb.com/rooms/622358110058121837,2023-12-04,174792040,2018-02-22,within an hour,100%,98%,f,2693.0,8863.0,"['email', 'phone']",t,t,Manhattan,Entire serviced apartment,Entire home/apt,4,,1 bath,,2.0,"[""Building staff"", ""Extra pillows and blankets"", ""Shampoo"", ""Dedicated workspace"", ""Bed linens"", ""Hangers"", ""Fire extinguisher"", ""Iron"", ""Carbon monoxide alarm"", ""Wifi"", ""Self check-in"", ""Luggage dropoff allowed"", ""Paid parking off premises"", ""First aid kit"", ""Air conditioning"", ""Heating"", ""Essentials"", ""Coffee maker"", ""Smoke alarm"", ""Hot water"", ""TV""]",$100.00,1,1125,1.0,1.0,1.0,1125.0,1.0,347.6,10,38,65,249,9,9,2,2022-12-10,2023-11-27,3.67,3.56,4.0,3.89,3.89,4.11,3.89,t,131,47,84,0,0.75,POINT (-73.9873 40.75937)
954977821157428078,https://www.airbnb.com/rooms/954977821157428078,2024-09-04,1140882,2011-09-11,within an hour,100%,100%,f,2.0,9.0,"['email', 'phone']",t,t,Brooklyn,Private room in home,Private room,2,1.0,1 private bath,1.0,0.0,"[""Coffee maker: pour-over coffee"", ""Cleaning products"", ""Mini fridge"", ""Portable fans"", ""Refrigerator"", ""Ceiling fan"", ""Long term stays allowed"", ""Books and reading material"", ""Kitchen"", ""Hair dryer"", ""Hot water"", ""Free street parking"", ""Iron"", ""Private entrance"", ""Fire extinguisher"", ""Laundromat nearby"", ""Microwave"", ""Essentials"", ""Central heating"", ""Bed linens"", ""Hangers"", ""Dishes and silverware"", ""Dedicated workspace"", ""Extra pillows and blankets"", ""First aid kit"", ""Luggage dropoff allowed"", ""Blender"", ""Wifi""]",$88.00,30,1125,30.0,30.0,1125.0,1125.0,30.0,1125.0,30,60,90,270,9,8,0,2023-08-20,2023-10-31,4.33,4.67,3.78,4.56,4.89,4.89,4.56,t,2,0,2,0,0.71,POINT (-73.97765969999999 40.6893531)
966708683760171461,https://www.airbnb.com/rooms/966708683760171461,2023-12-04,516081263,2023-05-22,within an hour,100%,53%,f,1.0,1.0,"['email', 'phone']",t,t,Manhattan,Entire rental unit,Entire home/apt,6,,1 bath,,3.0,"[""Air conditioning"", ""Long term stays allowed"", ""Heating"", ""Private entrance"", ""Carbon monoxide alarm"", ""Essentials"", ""Cooking basics"", ""Microwave"", ""Coffee maker"", ""Refrigerator"", ""Toaster"", ""Stove"", ""Bathtub"", ""Hot water"", ""Smoke alarm"", ""Wifi"", ""TV"", ""Dishes and silverware"", ""Kitchen"", ""Bed linens""]",$500.00,30,1125,30.0,30.0,1125.0,1125.0,30.0,1125.0,27,27,27,274,0,0,0,,,,,,,,,,f,1,1,0,0,,POINT (-73.9912 40.7621)
823403018504800609,https://www.airbnb.com/rooms/823403018504800609,2024-09-05,338163142,2020-02-22,,,86%,t,2.0,3.0,"['email', 'phone']",t,t,Brooklyn,Entire rental unit,Entire home/apt,3,1.0,1 bath,1.0,2.0,"[""Cleaning products"", ""Sun loungers"", ""Hammock"", ""TV"", ""Smoke alarm"", ""Window AC unit"", ""Coffee maker: espresso machine, french press, pour-over coffee"", ""Cooking basics"", ""Barbecue utensils"", ""Private patio or balcony"", ""Outdoor furniture"", ""Coffee"", ""Outdoor dining area"", ""Hot water kettle"", ""Refrigerator"", ""Books and reading material"", ""Backyard"", ""Clothing storage: dresser"", ""Safe"", ""Kitchen"", ""Hair dryer"", ""Herbal Essence shampoo"", ""Hot water"", ""Room-darkening shades"", ""Iron"", ""BBQ grill"", ""Free street parking"", ""Fire extinguisher"", ""Wine glasses"", ""Laundromat nearby"", ""Essentials"", ""Central heating"", ""Gas stove"", ""Carbon monoxide alarm"", ""Pets allowed"", ""Bed linens"", ""Freezer"", ""Bidet"", ""Dishes and silverware"", ""Dedicated workspace"", ""Bathtub"", ""Baking sheet"", ""Lockbox"", ""Wifi"", ""Stainless steel oven"", ""Extra pillows and blankets"", ""Self check-in"", ""First aid kit"", ""Aussie conditioner"", ""Dove body soap"", ""Board games"", ""Blender"", ""Portable air conditioning""]",$150.00,30,365,30.0,30.0,365.0,365.0,30.0,365.0,4,34,64,338,24,9,1,2023-02-25,2024-09-01,4.92,5.0,4.79,4.96,4.88,4.54,4.75,f,1,1,0,0,1.29,POINT (-73.93548687447537 40.69205961557048)
15746736,https://www.airbnb.com/rooms/15746736,2024-09-05,101772343,2016-10-29,within a few hours,100%,67%,t,2.0,2.0,"['email', 'phone']",t,t,Brooklyn,Entire rental unit,Entire home/apt,3,1.0,1 bath,2.0,2.0,"[""Dishwasher"", ""Clothing storage: closet"", ""Elevator"", ""Smoke alarm"", ""Free washer \u2013 In unit"", ""Cooking basics"", ""Heating"", ""Outdoor furniture"", ""Outdoor dining area"", ""Free dryer \u2013 In unit"", ""Refrigerator"", ""Long term stays allowed"", ""Drying rack for clothing"", ""Kitchen"", ""Hair dryer"", ""Hot water"", ""Room-darkening shades"", ""Free street parking"", ""Iron"", ""Microwave"", ""Essentials"", ""Carbon monoxide alarm"", ""Bed linens"", ""Hangers"", ""Shampoo"", ""Dishes and silverware"", ""Oven"", ""32 inch HDTV"", ""Extra pillows and blankets"", ""GE stainless steel gas stove"", ""Coffee maker"", ""Air conditioning"", ""Wifi""]",$165.00,59,730,59.0,59.0,730.0,730.0,59.0,730.0,0,19,49,77,19,1,0,2017-04-30,2023-12-26,4.89,4.95,4.84,5.0,4.89,5.0,4.79,f,1,1,0,0,0.21,POINT (-73.9541 40.71749)
963773966292620983,https://www.airbnb.com/rooms/963773966292620983,2024-04-07,471970176,2022-07-28,within a few hours,100%,60%,f,1.0,10.0,"['email', 'phone']",t,t,Manhattan,Entire rental unit,Entire home/apt,4,1.0,1 bath,1.0,2.0,"[""Air conditioning"", ""Fire extinguisher"", ""Coffee maker"", ""Bathtub"", ""Carbon monoxide alarm"", ""Hangers"", ""TV"", ""Private entrance"", ""Bed linens"", ""Hot water"", ""Stove"", ""Smoke alarm"", ""Heating"", ""Cleaning products"", ""Wifi"", ""Host greets you"", ""Refrigerator"", ""Oven"", ""Microwave"", ""Kitchen""]",$180.00,3,1125,3.0,10.0,1125.0,1125.0,9.3,1125.0,20,37,57,331,4,4,2,2024-02-20,2024-03-22,4.5,4.33,4.33,4.33,4.67,5.0,4.33,f,1,1,0,0,2.5,POINT (-73.97258 40.78484)
1084778547408123665,https://www.airbnb.com/rooms/1084778547408123665,2024-09-04,502294991,2023-02-22,within an hour,97%,97%,f,6.0,7.0,"['email', 'phone']",t,t,Manhattan,Shared room in hostel,Shared room,10,1.0,1 shared bath,1.0,10.0,"[""Kitchen"", ""Fire extinguisher"", ""Exterior security cameras on property"", ""Smoke alarm"", ""First aid kit"", ""Host greets you"", ""Carbon monoxide alarm"", ""Air conditioning"", ""Wifi""]",$65.00,1,1125,1.0,1.0,1.0,1125.0,1.0,141.5,3,14,44,312,10,10,1,2024-03-20,2024-08-08,4.1,4.7,4.0,5.0,4.5,4.7,4.5,f,6,0,0,6,1.78,POINT (-73.96181 40.79769)
582678773466303522,https://www.airbnb.com/rooms/582678773466303522,2024-09-05,39972598,2015-07-29,within an hour,100%,100%,t,2.0,5.0,"['email', 'phone']",t,t,Brooklyn,Entire townhouse,Entire home/apt,1,1.0,1 bath,1.0,1.0,"[""Fast wifi \u2013 321 Mbps"", ""Smoke alarm"", ""Free washer \u2013 In unit"", ""Private patio or balcony"", ""Exterior security cameras on property"", ""Shower gel"", ""Free dryer \u2013 In unit"", ""Refrigerator"", ""Garden view"", ""Drying rack for clothing"", ""Kitchen"", ""Hair dryer"", ""Room-darkening shades"", ""Iron"", ""Fire extinguisher"", ""Essentials"", ""Central heating"", ""Carbon monoxide alarm"", ""Bed linens"", ""Hangers"", ""Shampoo"", ""Indoor fireplace"", ""Dishes and silverware"", ""Dedicated workspace"", ""Lockbox"", ""Extra pillows and blankets"", ""Self check-in"", ""Coffee maker"", ""Air conditioning"", ""Free parking on premises""]",$110.00,30,60,30.0,30.0,1125.0,1125.0,30.0,1125.0,0,0,0,62,11,0,0,2022-04-26,2023-08-05,5.0,4.82,5.0,5.0,5.0,5.0,4.91,t,2,1,1,0,0.38,POINT (-73.908531 40.691574)
661484846516558905,https://www.airbnb.com/rooms/661484846516558905,2024-01-06,366584539,2020-09-08,within an hour,100%,100%,f,2.0,2.0,"['email', 'phone']",t,t,Manhattan,Shared room in rental unit,Shared room,2,,1 shared bath,,1.0,[],$70.00,30,365,30.0,30.0,365.0,365.0,30.0,365.0,30,60,90,90,4,1,0,2022-09-27,2023-04-30,4.25,4.5,4.0,4.25,4.25,5.0,3.75,f,2,0,1,1,0.26,POINT (-73.94016 40.81742)
846384445102956787,https://www.airbnb.com/rooms/846384445102956787,2024-05-03,91438143,2016-08-23,a few days or more,33%,,f,1.0,4.0,"['email', 'phone', 'work_email']",t,t,Brooklyn,Entire rental unit,Entire home/apt,3,1.0,1 bath,1.0,1.0,"[""Smoke alarm"", ""Air conditioning"", ""Dedicated workspace"", ""TV"", ""Kitchen"", ""Carbon monoxide alarm"", ""Wifi""]",$165.00,30,365,30.0,30.0,365.0,365.0,30.0,365.0,30,60,90,365,0,0,0,,,,,,,,,,f,1,1,0,0,,POINT (-73.9941962124017 40.697447855705285)
