CAMIS,DBA,BORO,BUILDING,STREET,ZIPCODE,PHONE,CUISINE DESCRIPTION,INSPECTION DATE,ACTION,VIOLATION CODE,VIOLATION DESCRIPTION,CRITICAL FLAG,SCORE,GRADE,GRADE DATE,RECORD DATE,INSPECTION TYPE,Latitude,Longitude,Community Board,Council District,Census Tract,BIN,BBL,NTA,Location Point1
50050945,YEMEN WHDAH,Brooklyn,6726,5 AVENUE,11220.0,7183335708,Middle Eastern,05/26/2022,Violations were cited in the following area(s).,06C,"Food not protected from potential source of contamination during storage, preparation, transportation, display or service.",Critical,57.0,,,11/30/2024,Cycle Inspection / Initial Inspection,40.634887026413,-74.020435799382,310.0,47.0,12600.0,3144718.0,3058550040.0,BK31,
50071988,HALSEY BAR & GRILL,Brooklyn,4404,AVENUE H,11234.0,3475872688,Caribbean,09/08/2022,Establishment Closed by DOHMH. Violations were cited in the following area(s) and those requiring immediate action were addressed.,05D,"No hand washing facility in or adjacent to toilet room or within 25 feet of a food preparation, food service or ware washing area.  Hand washing facility not accessible, obstructed or used for non-hand washing purposes. No hot and cold running water or water at inadequate pressure. No soap or acceptable hand-drying device.",Critical,74.0,,,11/30/2024,Cycle Inspection / Initial Inspection,40.632487346249,-73.933971542939,318.0,45.0,72600.0,3214218.0,3077480041.0,BK58,
50069021,WAYPOINT CAFE NYC,Manhattan,65,LUDLOW STREET,10002.0,9144837042,Coffee/Tea,01/27/2023,Violations were cited in the following area(s).,10F,"Non-food contact surface or equipment made of unacceptable material, not kept clean, or not properly sealed, raised, spaced or movable to allow accessibility for cleaning on all sides, above and underneath the unit.",Not Critical,2.0,A,01/27/2023,11/30/2024,Cycle Inspection / Re-inspection,40.717250882856,-73.989812713595,103.0,1.0,1800.0,1081942.0,1004080021.0,MN27,
41428965,IGGY'S PIZZERIA,Manhattan,173,1 AVENUE,10003.0,2123533331,Pizza,02/27/2023,Violations were cited in the following area(s).,08A,"Establishment is not free of harborage or conditions conducive to rodents, insects or other pests.",Not Critical,47.0,,,11/30/2024,Cycle Inspection / Initial Inspection,40.729157040439,-73.984160690966,103.0,2.0,4000.0,1006451.0,1004520032.0,MN22,
50003177,ASIA CHINESE RESTAURANT,Queens,63104,WOODHAVEN BLVD,11374.0,7184163333,Chinese,09/28/2023,Violations were cited in the following area(s).,06C,"Food, supplies, or equipment not protected from potential source of contamination during storage, preparation, transportation, display, service or from customer’s refillable, reusable container. Condiments not in single-service containers or dispensed directly by the vendor.",Critical,13.0,A,09/28/2023,11/30/2024,Cycle Inspection / Re-inspection,40.72185121758,-73.866924710612,405.0,30.0,67900.0,4070122.0,4030150032.0,QN21,
41569216,COCO FRESH TEA & JUICE,Manhattan,38,LEXINGTON AVENUE,10010.0,2128516618,Coffee/Tea,03/19/2024,Violations were cited in the following area(s).,10F,"Non-food contact surface or equipment made of unacceptable material, not kept clean, or not properly sealed, raised, spaced or movable to allow accessibility for cleaning on all sides, above and underneath the unit.",Not Critical,7.0,A,03/19/2024,11/30/2024,Cycle Inspection / Re-inspection,40.74006750352,-73.984338519031,105.0,2.0,6800.0,1018058.0,1008790063.0,MN21,
41232504,FIG & OLIVE,Manhattan,420,WEST   13 STREET,10014.0,2129241200,Mediterranean,03/23/2022,Violations were cited in the following area(s).,06D,"Food contact surface not properly washed, rinsed and sanitized after each use and following any activity when contamination may have occurred.",Critical,0.0,,,11/30/2024,Cycle Inspection / Initial Inspection,40.740614582341,-74.006740987896,102.0,3.0,7900.0,1080266.0,1006450029.0,MN23,
40884395,CARLOW EAST,Manhattan,1254,LEXINGTON AVENUE,10028.0,2127446397,American,09/09/2024,Violations were cited in the following area(s).,08A,"Establishment is not free of harborage or conditions conducive to rodents, insects or other pests.",Not Critical,31.0,,,11/30/2024,Cycle Inspection / Initial Inspection,40.77849511876,-73.956324648173,108.0,4.0,14801.0,1047701.0,1015130156.0,MN40,
50128989,TARTINERY,Manhattan,645,5TH AVE,10022.0,3475860500,French,05/24/2024,Violations were cited in the following area(s).,08A,"Establishment is not free of harborage or conditions conducive to rodents, insects or other pests.",Not Critical,49.0,,,11/30/2024,Cycle Inspection / Initial Inspection,40.759125767491,-73.976407179257,105.0,4.0,10200.0,1035481.0,1012877501.0,MN17,
50080882,DUNKIN',Manhattan,875,3 AVENUE,10022.0,2126444385,Donuts,02/17/2023,Violations were cited in the following area(s).,02G,Cold TCS food item held above 41 °F; smoked or processed fish held above 38 °F; intact raw eggs held above 45 °F; or reduced oxygen packaged (ROP) TCS foods held above required temperatures except during active necessary preparation.,Critical,13.0,A,02/17/2023,11/30/2024,Cycle Inspection / Re-inspection,40.757595296037,-73.969452044335,106.0,4.0,9800.0,1038517.0,1013260001.0,MN19,
41721252,SANT AMBROEUS,Manhattan,265,LAFAYETTE STREET,10012.0,2129662770,Italian,03/04/2022,Violations were cited in the following area(s).,06D,"Food contact surface not properly washed, rinsed and sanitized after each use and following any activity when contamination may have occurred.",Critical,8.0,A,03/04/2022,11/30/2024,Cycle Inspection / Re-inspection,40.723525823099,-73.996590688538,102.0,1.0,4300.0,1007524.0,1004950011.0,MN24,
50086945,GRACE CARIBBEAN CUISINE,Brooklyn,2026,NOSTRAND AVENUE,11210.0,3474351034,Caribbean,09/27/2021,Violations were cited in the following area(s).,05D,Hand washing facility not provided in or near food preparation area and toilet room. Hot and cold running water at adequate pressure to enable cleanliness of employees not provided at facility. Soap and an acceptable hand-drying device not provided.,Critical,46.0,,,11/30/2024,Cycle Inspection / Initial Inspection,40.635813007895,-73.947980219288,314.0,45.0,78600.0,3121727.0,3052520040.0,BK42,
50151755,STATEN ISLAND HOUSE OF WINGS II CORP,Staten Island,20,JEFFERSON BOULEVARD,10312.0,3474073847,,01/01/1900,,,,Not Applicable,,,,11/30/2024,,40.541046144751,-74.17793168121,503.0,51.0,17005.0,5157945.0,5062570015.0,SI01,
50072231,POLONICA,Brooklyn,8303,3 AVENUE,11209.0,7186305805,Polish,12/20/2023,Violations were cited in the following area(s).,06D,"Food contact surface not properly washed, rinsed and sanitized after each use and following any activity when contamination may have occurred.",Critical,24.0,,,11/30/2024,Cycle Inspection / Initial Inspection,40.62556907795,-74.030184690948,310.0,47.0,6200.0,3152410.0,3060170009.0,BK31,
50113015,JERRELL'S BETR BRGR,Manhattan,117,6 AVENUE,10013.0,3475228049,Vegan,04/12/2022,Violations were cited in the following area(s).,02B,Hot food item not held at or above 140º F.,Critical,51.0,,,11/30/2024,Cycle Inspection / Initial Inspection,40.723800252927,-74.004729762755,102.0,1.0,3700.0,1088003.0,1004770064.0,MN24,
50004933,MEE NOODLE SHOP,Manhattan,223,1 AVENUE,10003.0,2122607838,Chinese,02/25/2022,Violations were cited in the following area(s).,10F,"Non-food contact surface improperly constructed. Unacceptable material used. Non-food contact surface or equipment improperly maintained and/or not properly sealed, raised, spaced or movable to allow accessibility for cleaning on all sides, above and underneath the unit.",Not Critical,33.0,,,11/30/2024,Cycle Inspection / Initial Inspection,40.730864106929,-73.982922693026,103.0,2.0,4000.0,1006528.0,1004550040.0,MN22,
50081133,TACO INN,Manhattan,1495,SAINT NICHOLAS AVENUE,10033.0,9173882525,Tex-Mex,02/05/2020,Violations were cited in the following area(s).,06F,Wiping cloths soiled or not stored in sanitizing solution.,Critical,9.0,A,02/05/2020,11/30/2024,Cycle Inspection / Initial Inspection,40.851603320565,-73.932068736195,112.0,10.0,27100.0,1063962.0,1021660016.0,MN35,
50121137,LA FONDA,Manhattan,169,EAST  106 STREET,10029.0,2124107292,Caribbean,05/23/2023,Violations were cited in the following area(s).,04K,Evidence of rats or live rats in establishment's food or non-food areas.,Critical,21.0,B,05/23/2023,11/30/2024,Pre-permit (Operational) / Re-inspection,40.791926058891,-73.945510319218,111.0,8.0,17200.0,1052064.0,1016340132.0,MN33,
50043941,CORK & KALE AT EVEN HOTEL,Manhattan,321,WEST   35 STREET,10001.0,2123560034,American,08/26/2024,Violations were cited in the following area(s).,06D,"Food contact surface not properly washed, rinsed and sanitized after each use and following any activity when contamination may have occurred.",Critical,17.0,B,08/26/2024,11/30/2024,Cycle Inspection / Re-inspection,40.753311893333,-73.994051780656,104.0,3.0,11100.0,1090836.0,1007590026.0,MN13,
50107205,MENDY'S,Manhattan,441,PARK AVENUE SOUTH,10016.0,2125761010,Jewish/Kosher,08/26/2021,Violations were cited in the following area(s).,10A,"Toilet facility not maintained and provided with toilet paper, waste receptacle and self-closing door.",Not Critical,13.0,A,08/26/2021,11/30/2024,Pre-permit (Operational) / Initial Inspection,40.744456222905,-73.983233167665,105.0,2.0,7200.0,1082102.0,1008850088.0,MN20,
50089573,WARNERMEDIA CONFERENCE CENTER,Manhattan,30,HUDSON YARDS,10001.0,5165376687,American,05/09/2022,Violations were cited in the following area(s).,09C,Food contact surface not properly maintained.,Not Critical,5.0,A,05/09/2022,11/30/2024,Cycle Inspection / Initial Inspection,40.753710037499,-73.999779827939,104.0,3.0,9900.0,1088961.0,1007027501.0,MN13,
50056793,ASIAN KABAB & CURRY,Brooklyn,496,CRESCENT STREET,11208.0,3477872869,Indian,11/23/2022,Violations were cited in the following area(s).,04L,Evidence of mice or live mice in establishment's food or non-food areas.,Critical,40.0,C,11/23/2022,11/30/2024,Cycle Inspection / Re-inspection,40.675967781521,-73.870160316619,305.0,42.0,119600.0,3094727.0,3042150037.0,BK82,
50046674,THE LOWERY BAR & KITCHEN,Queens,4302,43RD AVE,11104.0,9292080054,American,09/01/2022,Violations were cited in the following area(s).,06D,"Food contact surface not properly washed, rinsed and sanitized after each use and following any activity when contamination may have occurred.",Critical,30.0,,,11/30/2024,Cycle Inspection / Initial Inspection,40.745190535044,-73.920979192678,402.0,26.0,18300.0,4169259.0,4081260021.0,QN31,
50035115,CROSSBAY DELI & GRILL,Queens,10510,CROSSBAY BLVD,11417.0,7188488887,Sandwiches,07/31/2024,Violations were cited in the following area(s).,04H,"Raw, cooked or prepared food is adulterated, contaminated, cross-contaminated, or not discarded in accordance with HACCP plan.",Critical,19.0,,,11/30/2024,Cycle Inspection / Compliance Inspection,40.679797716788,-73.844479012184,410.0,32.0,5400.0,4191000.0,4091620011.0,QN56,
50125019,New Vision 104,Manhattan,180,EAST  104 STREET,10029.0,6468518357,"Juice, Smoothies, Fruit Salads",08/08/2023,Violations were cited in the following area(s).,04J,"Properly scaled and calibrated thermometer or thermocouple not provided or not readily accessible in food preparation and hot/cold holding areas to measure temperatures of TCS foods during cooking, cooling, reheating, and holding.",Critical,49.0,,,11/30/2024,Pre-permit (Operational) / Initial Inspection,40.790468908403,-73.946172398835,111.0,8.0,16600.0,1051930.0,1016310041.0,MN33,
50092545,CARIBBEAN RESTAURANT & SPORTS BAR,Queens,10908,LIBERTY AVE,11419.0,3478097425,Caribbean,01/26/2023,Violations were cited in the following area(s).,10G,"Dishwashing and ware washing:  Cleaning and sanitizing of tableware, including dishes, utensils, and equipment deficient.",Not Critical,30.0,,,11/30/2024,Cycle Inspection / Initial Inspection,40.684139734898,-73.832628042807,410.0,28.0,9600.0,4202337.0,4095320004.0,QN55,
50122395,SUSHI ISLAND,Queens,8718,QUEENS BLVD,11373.0,7188033033,Japanese,09/20/2022,Violations were cited in the following area(s).,08A,"Establishment is not free of harborage or conditions conducive to rodents, insects or other pests.",Not Critical,35.0,,,11/30/2024,Pre-permit (Operational) / Initial Inspection,40.735310286911,-73.875568667583,404.0,25.0,47500.0,4437595.0,4028530011.0,QN29,
50139100,GULAABO,Manhattan,250,WEST   47 STREET,10036.0,5169839819,Indian,05/01/2024,Violations were cited in the following area(s).,05D,"No hand washing facility in or adjacent to toilet room or within 25 feet of a food preparation, food service or ware washing area. Hand washing facility not accessible, obstructed or used for non-hand washing purposes. No hot and cold running water or water at inadequate pressure. No soap or acceptable hand-drying device.",Critical,53.0,N,,11/30/2024,Pre-permit (Operational) / Initial Inspection,40.759884925427,-73.986275867497,105.0,3.0,12500.0,1024744.0,1010180054.0,MN17,
50043829,SETAGAYA,Brooklyn,280,BEDFORD AVENUE,11249.0,7182188508,Asian/Asian Fusion,02/28/2022,Violations were cited in the following area(s).,10F,"Non-food contact surface improperly constructed. Unacceptable material used. Non-food contact surface or equipment improperly maintained and/or not properly sealed, raised, spaced or movable to allow accessibility for cleaning on all sides, above and underneath the unit.",Not Critical,23.0,B,02/28/2022,11/30/2024,Cycle Inspection / Re-inspection,40.71474149045,-73.961045201311,301.0,34.0,55300.0,3062618.0,3023800023.0,BK73,
50146125,PRET,Manhattan,857,BROADWAY,10003.0,6468385526,Sandwiches/Salads/Mixed Buffet,03/26/2024,Violations were cited in the following area(s).,10F,"Non-food contact surface or equipment made of unacceptable material, not kept clean, or not properly sealed, raised, spaced or movable to allow accessibility for cleaning on all sides, above and underneath the unit.",Not Critical,4.0,A,03/26/2024,11/30/2024,Pre-permit (Operational) / Re-inspection,40.737227332858,-73.990307618042,105.0,3.0,5200.0,1016122.0,1008460019.0,MN13,
40654318,BATEAUX NEW YORK,Manhattan,62,WEST 23 STREET - CHELSEA PIER,,2127277735,American,08/28/2017,Violations were cited in the following area(s).,10F,"Non-food contact surface improperly constructed. Unacceptable material used. Non-food contact surface or equipment improperly maintained and/or not properly sealed, raised, spaced or movable to allow accessibility for cleaning on all sides, above and underneath the unit.",Not Critical,22.0,,,11/30/2024,Cycle Inspection / Initial Inspection,0.0,0.0,,,,,1.0,,
50010321,MCDONALD'S,Queens,31-67,STEINWAY STREET,11103.0,7182671343,Hamburgers,09/20/2024,Violations were cited in the following area(s).,09B,Thawing procedure improper.,Not Critical,11.0,A,09/20/2024,11/30/2024,Cycle Inspection / Initial Inspection,40.759851152228,-73.918268886344,401.0,22.0,15500.0,4011102.0,4006780013.0,QN70,
50051729,YUMMY TACO,Brooklyn,129,CHURCH AVENUE,11218.0,7186967038,Tex-Mex,03/08/2023,Violations were cited in the following area(s).,10F,"Non-food contact surface or equipment made of unacceptable material, not kept clean, or not properly sealed, raised, spaced or movable to allow accessibility for cleaning on all sides, above and underneath the unit.",Not Critical,11.0,A,03/08/2023,11/30/2024,Cycle Inspection / Initial Inspection,40.643055364121,-73.978830205283,312.0,39.0,49600.0,3124526.0,3053340040.0,BK41,
50066692,MAY WAH PORK CHOP FAST FOOD,Manhattan,190,HESTER STREET,10013.0,2129256776,Chinese,08/06/2024,Violations were cited in the following area(s).,04N,"Filth flies or food/refuse/sewage associated with (FRSA) flies or other nuisance pests in establishment’s food and/or non-food areas. FRSA flies include house flies, blow flies, bottle flies, flesh flies, drain flies, Phorid flies and fruit flies.",Critical,10.0,A,08/06/2024,11/30/2024,Cycle Inspection / Initial Inspection,40.718302570133,-73.998387468433,102.0,1.0,4100.0,1002650.0,1002060012.0,MN24,
50132327,88 BAKERY & CAFE,Queens,8279,BROADWAY,11373.0,7187818069,Other,09/24/2024,Violations were cited in the following area(s).,10B,Anti-siphonage or back-flow prevention device not provided where required; equipment or floor not properly drained; sewage disposal system in disrepair or not functioning properly. Condensation or liquid waste improperly disposed of.,Not Critical,41.0,N,,11/30/2024,Cycle Inspection / Initial Inspection,40.741601229177,-73.880677651228,404.0,25.0,46900.0,4039029.0,4015610034.0,QN29,
50080871,TROPICAL SMOOTHIE CAFE,Staten Island,1407,FOREST AVENUE,10302.0,3154003300,"Juice, Smoothies, Fruit Salads",04/25/2022,Violations were cited in the following area(s).,02G,Cold food item held above 41º F (smoked fish and reduced oxygen packaged foods above 38 ºF) except during necessary preparation.,Critical,13.0,A,04/25/2022,11/30/2024,Cycle Inspection / Initial Inspection,40.6249955834,-74.135929055633,501.0,49.0,24700.0,5107000.0,5010530101.0,SI28,
40996589,GENA'S GRILL,Manhattan,210,1 AVENUE,10009.0,2124733700,Latin American,10/06/2022,Violations were cited in the following area(s).,02G,Cold TCS food item held above 41 °F; smoked or processed fish held above 38 °F; intact raw eggs held above 45 °F; or reduced oxygen packaged (ROP) TCS foods held above required temperatures except during active necessary preparation.,Critical,25.0,,,11/30/2024,Cycle Inspection / Initial Inspection,40.730394798906,-73.983240327475,103.0,2.0,3400.0,1005981.0,1004400007.0,MN22,
50129952,KENNEDY CHICKEN AND BURGER,Brooklyn,1519,FULTON STREET,11216.0,7184153299,Chicken,01/19/2023,Violations were cited in the following area(s).,18-11,Food Protection Certificate not available for inspection,Not Critical,,,,11/30/2024,Administrative Miscellaneous / Re-inspection,40.67990152281,-73.940533057727,303.0,36.0,26900.0,3053619.0,3018570001.0,BK75,
50126597,MARTHA'S COCINA MEXICANA,Brooklyn,338,FRANKLIN AVENUE,11238.0,3472405049,Mexican,03/27/2023,Violations were cited in the following area(s).,05D,"No hand washing facility in or adjacent to toilet room or within 25 feet of a food preparation, food service or ware washing area.  Hand washing facility not accessible, obstructed or used for non-hand washing purposes. No hot and cold running water or water at inadequate pressure. No soap or acceptable hand-drying device.",Critical,32.0,,,11/30/2024,Pre-permit (Operational) / Initial Inspection,40.687547577497,-73.956961373756,303.0,35.0,23300.0,3056315.0,3019670041.0,BK75,
50061071,HO HO TE,Manhattan,805,8 AVENUE,10019.0,6468526941,Coffee/Tea,09/09/2022,Establishment Closed by DOHMH. Violations were cited in the following area(s) and those requiring immediate action were addressed.,10H,"Single service article not provided.  Single service article reused or not protected from contamination when transported, stored, dispensed.  Drinking straws not completely enclosed in wrapper or dispensed from a sanitary device.",Not Critical,54.0,,,11/30/2024,Cycle Inspection / Initial Inspection,40.761402833182,-73.98675565647,104.0,3.0,12700.0,1025144.0,1010390032.0,MN15,
50124277,MASAKE,Brooklyn,1704,AVENUE M,11230.0,7189988670,Chinese/Japanese,03/09/2023,Violations were cited in the following area(s).,02B,Hot TCS food item not held at or above 140 °F.,Critical,32.0,,,11/30/2024,Pre-permit (Operational) / Initial Inspection,40.618220302049,-73.957975190929,314.0,44.0,53800.0,3181030.0,3067460002.0,BK43,
40962072,RARYTAS MANOR,Queens,5509,METROPOLITAN AVENUE,11385.0,7183267511,Eastern European,05/10/2018,Violations were cited in the following area(s).,08C,Pesticide use not in accordance with label or applicable laws. Prohibited chemical used/stored. Open bait station used.,Not Critical,11.0,A,05/10/2018,11/30/2024,Cycle Inspection / Initial Inspection,40.713042772688,-73.908486146204,405.0,30.0,59500.0,4059332.0,4026400007.0,QN20,
50063463,VIVA MEXICO MEXICAN CUISINE,Manhattan,1577,SAINT NICHOLAS AVENUE,10040.0,9172614686,Mexican,06/07/2022,Violations were cited in the following area(s).,10F,"Non-food contact surface improperly constructed. Unacceptable material used. Non-food contact surface or equipment improperly maintained and/or not properly sealed, raised, spaced or movable to allow accessibility for cleaning on all sides, above and underneath the unit.",Not Critical,26.0,,,11/30/2024,Cycle Inspection / Initial Inspection,40.854165777639,-73.93019361586,112.0,10.0,27900.0,1064011.0,1021680046.0,MN35,
41512587,KAFF KAFE,Brooklyn,5320,16 AVENUE,11204.0,7184360808,Jewish/Kosher,02/09/2023,Violations were cited in the following area(s).,08A,"Establishment is not free of harborage or conditions conducive to rodents, insects or other pests.",Not Critical,43.0,,,11/30/2024,Cycle Inspection / Compliance Inspection,40.628654818507,-73.987996174169,312.0,44.0,23800.0,3130166.0,3054770043.0,BK88,
41630104,LUCKY CHINESE RESTAURANT,Queens,5008,69 STREET,11377.0,7187791350,Chinese,05/24/2022,Violations were cited in the following area(s).,06C,"Food not protected from potential source of contamination during storage, preparation, transportation, display or service.",Critical,13.0,A,05/24/2022,11/30/2024,Cycle Inspection / Re-inspection,40.736744161279,-73.895975421177,402.0,30.0,24300.0,4056186.0,4024270001.0,QN50,
50114570,NEW JADE GARDEN,Queens,17012A,HILLSIDE AVE,11432.0,9172163783,Chinese,07/24/2024,Violations were cited in the following area(s).,02G,Cold TCS food item held above 41 °F; smoked or processed fish held above 38 °F; intact raw eggs held above 45 °F; or reduced oxygen packaged (ROP) TCS foods held above required temperatures except during active necessary preparation.,Critical,10.0,A,07/24/2024,11/30/2024,Cycle Inspection / Initial Inspection,40.711141835391,-73.791782025166,412.0,27.0,46200.0,4210211.0,4098260052.0,QN61,
50046578,333 LOUNGE,Brooklyn,333,FLATBUSH AVENUE,11217.0,9176098864,Caribbean,02/16/2024,Violations were cited in the following area(s).,08A,"Establishment is not free of harborage or conditions conducive to rodents, insects or other pests.",Not Critical,39.0,C,02/16/2024,11/30/2024,Cycle Inspection / Re-inspection,40.677759091219,-73.972877691764,308.0,35.0,16100.0,3028689.0,3011570005.0,BK64,
50072539,FRIDUCHA MEXICAN,Brooklyn,946,MANHATTAN AVENUE,11222.0,7183830026,Mexican,09/10/2024,Violations were cited in the following area(s).,04K,Evidence of rats or live rats in establishment's food or non-food areas.,Critical,13.0,A,09/10/2024,11/30/2024,Cycle Inspection / Initial Inspection,40.731504104915,-73.954464884789,301.0,33.0,57500.0,3064613.0,3025510008.0,BK76,
40386425,TASTY'S,Queens,5802,MYRTLE AVENUE,11385.0,7184560954,American,11/21/2022,Violations were cited in the following area(s).,09C,"Design, construction, materials used or maintenance of food contact surface improper.  Surface not easily cleanable, sanitized and maintained.",Not Critical,13.0,A,11/21/2022,11/30/2024,Cycle Inspection / Initial Inspection,40.700476771433,-73.901340978825,405.0,34.0,55700.0,4086258.0,4035740025.0,QN20,
50003506,LUPITA RESTAURANT,Manhattan,2049,2 AVENUE,10029.0,6465904202,Mexican,09/27/2022,Violations were cited in the following area(s).,04M,Live roaches in facility's food or non-food area.,Critical,9.0,A,09/27/2022,11/30/2024,Cycle Inspection / Re-inspection,40.790168087113,-73.942774350469,111.0,8.0,17000.0,1052415.0,1016550022.0,MN33,
50115349,RESTAURANTE Y ANTOJITOS GUATELINDA,Queens,17018,JAMAICA AVE,11432.0,7186390222,Spanish,02/14/2024,Violations were cited in the following area(s).,08A,"Establishment is not free of harborage or conditions conducive to rodents, insects or other pests.",Not Critical,20.0,B,02/14/2024,11/30/2024,Cycle Inspection / Re-inspection,40.70727543595,-73.789319839659,412.0,27.0,44400.0,4217483.0,4102120006.0,QN61,
50056825,BEST PIZZA,Brooklyn,24,AVENUE O,11204.0,7185133220,Pizza,08/31/2021,Violations were cited in the following area(s).,04L,Evidence of mice or live mice present in facility's food and/or non-food areas.,Critical,14.0,,,11/30/2024,Cycle Inspection / Initial Inspection,40.61016276324,-73.984336698024,311.0,43.0,43000.0,3174092.0,3065960007.0,BK29,
50152628,ANGELINA BAKERY GRAND,Manhattan,450,LEXINGTON AVENUE,10017.0,6466675285,Bakery Products/Desserts,09/26/2024,Violations were cited in the following area(s).,06C,"Food, supplies, and equipment not protected from potential source of contamination during storage, preparation, transportation, display or service.",Critical,8.0,A,09/26/2024,11/30/2024,Pre-permit (Operational) / Re-inspection,40.753095200871,-73.974853695761,105.0,4.0,9200.0,1085671.0,1012800090.0,MN19,
41687909,STARBUCKS,Manhattan,600,MADISON AVENUE,10022.0,2127591569,Coffee/Tea,06/25/2024,Violations were cited in the following area(s).,04N,"Filth flies or food/refuse/sewage associated with (FRSA) flies or other nuisance pests  in  establishment’s food and/or non-food areas. FRSA flies include house flies, blow flies, bottle flies, flesh flies, drain flies, Phorid flies and fruit flies.",Critical,20.0,,,11/30/2024,Cycle Inspection / Initial Inspection,40.762621629375,-73.97212463865,105.0,4.0,11202.0,1036076.0,1012930059.0,MN17,
50043922,JOE & JOHN'S PIZZA RESTAURANT,Queens,5910,MYRTLE AVE,11385.0,7184970078,Pizza,08/31/2022,Violations were cited in the following area(s).,02B,Hot TCS food item not held at or above 140 °F.,Critical,23.0,,,11/30/2024,Cycle Inspection / Initial Inspection,40.700494273509,-73.899371810281,405.0,34.0,55700.0,4086695.0,4035870046.0,QN20,
50067048,NEW ORIENTAL HOUSE,Bronx,565,EAST  184 STREET,10458.0,7185638888,Chinese,10/10/2023,Establishment Closed by DOHMH. Violations were cited in the following area(s) and those requiring immediate action were addressed.,04H,"Raw, cooked or prepared food is adulterated, contaminated, cross-contaminated, or not discarded in accordance with HACCP plan.",Critical,57.0,,,11/30/2024,Cycle Inspection / Re-inspection,40.854507849618,-73.890241700723,206.0,15.0,38700.0,2011674.0,2030540050.0,BX06,
41310201,DUNKIN,Bronx,4147,THROGS NECK EXPRESSWAY,10465.0,7188877863,Donuts,01/10/2023,Violations were cited in the following area(s).,06D,"Food contact surface not properly washed, rinsed and sanitized after each use and following any activity when contamination may have occurred.",Critical,25.0,,,11/30/2024,Cycle Inspection / Initial Inspection,40.819954657982,-73.810444598449,210.0,13.0,13800.0,2078787.0,2055180028.0,BX52,
41060947,EL TIMBIRICHI RESTAURANT,Bronx,168,EAST  174 STREET,10457.0,3472843310,Spanish,04/20/2023,Violations were cited in the following area(s).,08A,"Establishment is not free of harborage or conditions conducive to rodents, insects or other pests.",Not Critical,28.0,,,11/30/2024,Cycle Inspection / Initial Inspection,40.844805209289,-73.909102951764,204.0,15.0,22902.0,2007398.0,2027940042.0,BX41,
50158449,MAD HOPS INC,Manhattan,223,WEST   14 STREET,10011.0,3474032555,,01/01/1900,,,,Not Applicable,,,,11/30/2024,,40.738921260148,-74.000548503222,104.0,3.0,8100.0,1078481.0,1007647502.0,MN13,
50107480,KENNEDY FRIED CHICKEN,Bronx,1572,EAST  174 STREET,10472.0,8628129262,Chicken,08/02/2021,Violations were cited in the following area(s).,04A,Food Protection Certificate not held by supervisor of food operations.,Critical,24.0,,,11/30/2024,Pre-permit (Operational) / Initial Inspection,40.833829937573,-73.87758808765,209.0,17.0,5600.0,2028041.0,2038860001.0,BX08,
50160841,JKCSNY INC,Manhattan,42,WEST   42 STREET,10036.0,9173253374,,01/01/1900,,,,Not Applicable,,,,11/30/2024,,40.754068239421,-73.982321170752,105.0,4.0,8400.0,1085593.0,1012570002.0,MN17,
50121693,MR. NAI BROTHER,Queens,136-20,ROOSEVELT AVENUE,11354.0,7187990588,Asian/Asian Fusion,09/20/2022,Violations were cited in the following area(s).,04A,Food Protection Certificate (FPC) not held by manager or supervisor of food operations.,Critical,10.0,A,09/20/2022,11/30/2024,Pre-permit (Operational) / Re-inspection,40.759777908235,-73.829235428489,407.0,20.0,85300.0,4113546.0,4050190005.0,QN22,
41659498,WORLD YACHT DUCHESS,Manhattan,0,PIER   81,10036.0,2126308890,American,06/19/2019,Violations were cited in the following area(s).,10B,Plumbing not properly installed or maintained; anti-siphonage or backflow prevention device not provided where required; equipment or floor not properly drained; sewage disposal system in disrepair or not functioning properly.,Not Critical,4.0,,,11/30/2024,Cycle Inspection / Initial Inspection,40.762185805839,-74.003306612645,104.0,3.0,11700.0,1087586.0,1011070005.0,MN13,
50036594,NYCS FRIED CHICKEN,Brooklyn,844,JAMAICA AVENUE,11208.0,7182350555,Spanish,05/18/2022,Violations were cited in the following area(s).,04L,Evidence of mice or live mice present in facility's food and/or non-food areas.,Critical,0.0,,,11/30/2024,Cycle Inspection / Initial Inspection,40.68947593582,-73.873602778944,305.0,37.0,118201.0,3327204.0,3041060031.0,BK83,
41060947,EL TIMBIRICHI RESTAURANT,Bronx,168,EAST  174 STREET,10457.0,3472843310,Spanish,03/11/2022,Violations were cited in the following area(s).,10B,Plumbing not properly installed or maintained; anti-siphonage or backflow prevention device not provided where required; equipment or floor not properly drained; sewage disposal system in disrepair or not functioning properly.,Not Critical,13.0,A,03/11/2022,11/30/2024,Cycle Inspection / Initial Inspection,40.844805209289,-73.909102951764,204.0,15.0,22902.0,2007398.0,2027940042.0,BX41,
41617898,CARVE CAFE PIZZA,Manhattan,717,8 AVENUE,10036.0,2122455111,Chicken,06/22/2022,Violations were cited in the following area(s).,06C,"Food not protected from potential source of contamination during storage, preparation, transportation, display or service.",Critical,10.0,A,06/22/2022,11/30/2024,Cycle Inspection / Initial Inspection,40.759256602964,-73.988329905269,104.0,3.0,12100.0,1025011.0,1010360029.0,MN15,
50137719,Margari Pizza,Manhattan,1072,2 AVENUE,10022.0,5163957571,Pizza,08/08/2023,Violations were cited in the following area(s).,02B,Hot TCS food item not held at or above 140 °F.,Critical,10.0,A,08/08/2023,11/30/2024,Pre-permit (Operational) / Initial Inspection,40.758900702636,-73.965571058131,106.0,5.0,10800.0,1039978.0,1013490003.0,MN19,
50005760,BLUESTONE LAKESIDE CAFE,Brooklyn,171,EAST DRIVE,11226.0,7184620065,American,03/07/2022,Violations were cited in the following area(s).,10F,"Non-food contact surface improperly constructed. Unacceptable material used. Non-food contact surface or equipment improperly maintained and/or not properly sealed, raised, spaced or movable to allow accessibility for cleaning on all sides, above and underneath the unit.",Not Critical,9.0,A,03/07/2022,11/30/2024,Cycle Inspection / Re-inspection,40.658232841937,-73.963363384608,355.0,39.0,17700.0,3391508.0,3011170001.0,BK99,
50069439,PARCEROS BAKERY & COFFEE SHOP,Queens,6354,WOODHAVEN BLVD,11374.0,7184248444,Latin American,04/26/2022,Violations were cited in the following area(s).,06C,"Food not protected from potential source of contamination during storage, preparation, transportation, display or service.",Critical,39.0,,,11/30/2024,Cycle Inspection / Initial Inspection,40.723115171681,-73.868101901079,405.0,30.0,67900.0,4069638.0,4030000023.0,QN21,
41622578,INSOMNIA COOKIES,Manhattan,482,3 AVENUE,10016.0,2153831320,Bakery Products/Desserts,08/17/2021,Violations were cited in the following area(s).,10F,"Non-food contact surface improperly constructed. Unacceptable material used. Non-food contact surface or equipment improperly maintained and/or not properly sealed, raised, spaced or movable to allow accessibility for cleaning on all sides, above and underneath the unit.",Not Critical,11.0,A,08/17/2021,11/30/2024,Cycle Inspection / Initial Inspection,40.744867195302,-73.978754422393,106.0,4.0,7200.0,1018483.0,1008880044.0,MN20,
50084290,ARIA WEST VILLAGE,Manhattan,14-16,BEDFORD STREET,10014.0,2122424233,Italian,11/13/2024,Violations were cited in the following area(s).,06E,"Sanitized equipment or utensil, including in-use food dispensing utensil, improperly used or stored.",Critical,24.0,Z,11/13/2024,11/30/2024,Cycle Inspection / Re-inspection,40.72907299313,-74.003492581242,102.0,3.0,6700.0,1008347.0,1005270007.0,MN23,
50100861,CAPITAL RESTAURANT,Manhattan,4933,BROADWAY,10034.0,2129425090,American,02/09/2023,Violations were cited in the following area(s).,10F,"Non-food contact surface or equipment made of unacceptable material, not kept clean, or not properly sealed, raised, spaced or movable to allow accessibility for cleaning on all sides, above and underneath the unit.",Not Critical,21.0,B,02/09/2023,11/30/2024,Cycle Inspection / Re-inspection,40.867560009695,-73.921596107905,112.0,10.0,29500.0,1064984.0,1022410024.0,MN01,
50003326,COVENHOVEN,Brooklyn,730,CLASSON AVENUE,11238.0,6468947777,American,06/14/2024,Violations were cited in the following area(s).,06D,"Food contact surface not properly washed, rinsed and sanitized after each use and following any activity when contamination may have occurred.",Critical,20.0,,,11/30/2024,Cycle Inspection / Initial Inspection,40.675186199066,-73.95996883516,308.0,35.0,30500.0,3028960.0,3011620056.0,BK61,
50052932,DUNKIN,Queens,6906,ROOSEVELT AVE,11377.0,3476100630,Donuts,11/23/2021,Violations were cited in the following area(s).,04H,"Raw, cooked or prepared food is adulterated, contaminated, cross-contaminated, or not discarded in accordance with HACCP plan.",Critical,10.0,A,11/23/2021,11/30/2024,Cycle Inspection / Initial Inspection,40.746337270611,-73.896148051299,402.0,26.0,26300.0,4030349.0,4013010027.0,QN63,
41705612,PEACEFOOD DOWNTOWN,Manhattan,41,EAST   11 STREET,10003.0,2129792288,Vegan,05/16/2022,Violations were cited in the following area(s).,02G,Cold food item held above 41º F (smoked fish and reduced oxygen packaged foods above 38 ºF) except during necessary preparation.,Critical,39.0,,,11/30/2024,Cycle Inspection / Initial Inspection,40.733233905647,-73.993147905438,102.0,2.0,6100.0,1009127.0,1005630001.0,MN23,
50097645,HAVANA TACOS,Manhattan,210-220,NAGLE AVE,10034.0,6467720271,Tex-Mex,12/06/2023,Violations were cited in the following area(s).,06B,"Tobacco or electronic cigarette use, eating, or drinking from open container in food preparation, food storage or dishwashing area.",Critical,22.0,,,11/30/2024,Cycle Inspection / Initial Inspection,40.862258089071,-73.922921964749,112.0,10.0,29100.0,1064714.0,1022170033.0,MN01,
50133027,HIGHLINE PIZZA NYC,Manhattan,503,WEST   28 STREET,10001.0,2125643330,Pizza,05/28/2024,Violations were cited in the following area(s).,02B,Hot TCS food item not held at or above 140 °F.,Critical,33.0,C,05/28/2024,11/30/2024,Cycle Inspection / Re-inspection,40.750948788445,-74.002161927492,104.0,3.0,9900.0,1012421.0,1007000029.0,MN13,
50097045,CHAIRMAN SUN,Queens,4730,VERNON BLVD,11101.0,2129676088,Chinese,10/26/2022,Violations were cited in the following area(s).,02B,Hot TCS food item not held at or above 140 °F.,Critical,65.0,,,11/30/2024,Cycle Inspection / Initial Inspection,40.744642891269,-73.953470644374,402.0,26.0,700.0,4000105.0,4000300047.0,QN31,
41129085,DUNKIN,Staten Island,1445,RICHMOND AVENUE,10314.0,3473020671,Donuts,09/20/2022,Violations were cited in the following area(s).,08A,"Establishment is not free of harborage or conditions conducive to rodents, insects or other pests.",Not Critical,13.0,A,09/20/2022,11/30/2024,Cycle Inspection / Initial Inspection,40.613111633522,-74.15863902157,502.0,50.0,29104.0,5151350.0,5015440100.0,SI05,
50054403,KUNG FU LITTLE STEAMED BUNS RAMEN,Manhattan,811,8 AVENUE,10019.0,9173882555,Asian/Asian Fusion,08/02/2021,Establishment Closed by DOHMH. Violations were cited in the following area(s) and those requiring immediate action were addressed.,04K,Evidence of rats or live rats present in facility's food and/or non-food areas.,Critical,66.0,,,11/30/2024,Cycle Inspection / Initial Inspection,40.761523592507,-73.986668997089,104.0,3.0,12700.0,1025144.0,1010390032.0,MN15,
50106843,LA CASA DEL SABOR,Queens,3702,BROADWAY,11103.0,7187915035,Latin American,11/17/2021,Violations were cited in the following area(s).,06C,"Food not protected from potential source of contamination during storage, preparation, transportation, display or service.",Critical,10.0,A,11/17/2021,11/30/2024,Pre-permit (Operational) / Re-inspection,40.759649587258,-73.92047105327,401.0,22.0,5900.0,4010340.0,4006550034.0,QN70,
40392872,MOLLY'S,Manhattan,287,3 AVENUE,10010.0,2128893361,Irish,01/05/2022,Violations were cited in the following area(s).,04L,Evidence of mice or live mice present in facility's food and/or non-food areas.,Critical,29.0,,,11/30/2024,Cycle Inspection / Initial Inspection,40.738373862011,-73.983465650986,106.0,2.0,6400.0,1019650.0,1009030003.0,MN21,
50036709,CHINA DELIGHT,Brooklyn,722,4 AVENUE,11232.0,7187880888,Chinese,06/27/2023,Violations were cited in the following area(s).,08A,"Establishment is not free of harborage or conditions conducive to rodents, insects or other pests.",Not Critical,23.0,,,11/30/2024,Cycle Inspection / Initial Inspection,40.661727265553,-73.996712803803,307.0,38.0,14500.0,3009398.0,3006450041.0,BK32,
50102087,FUNNY BBQ BAR,Brooklyn,818,54 STREET,11220.0,7186336868,Chinese,08/28/2024,Violations were cited in the following area(s).,02H,"After cooking or removal from hot holding, TCS food not cooled by an approved method whereby the internal temperature is reduced from 140 °F to 70 °F or less within 2 hours, and from 70 °F to 41 °F or less within 4 additional hours.",Critical,11.0,A,08/28/2024,11/30/2024,Cycle Inspection / Re-inspection,40.638495364319,-74.005433508117,312.0,38.0,10600.0,3327707.0,3056720013.0,BK34,
50131066,SURAM,Manhattan,483,10 AVENUE,10018.0,9173593432,Japanese,08/29/2023,Violations were cited in the following area(s).,10F,"Non-food contact surface or equipment made of unacceptable material, not kept clean, or not properly sealed, raised, spaced or movable to allow accessibility for cleaning on all sides, above and underneath the unit.",Not Critical,13.0,A,08/29/2023,11/30/2024,Pre-permit (Operational) / Initial Inspection,40.75639439225,-73.99783428556,104.0,3.0,9900.0,1012494.0,1007080037.0,MN13,
50120023,WONDER ROOM COFFEE,Brooklyn,7904,3 AVENUE,11209.0,6468121101,Coffee/Tea,03/07/2023,Violations were cited in the following area(s).,10F,"Non-food contact surface or equipment made of unacceptable material, not kept clean, or not properly sealed, raised, spaced or movable to allow accessibility for cleaning on all sides, above and underneath the unit.",Not Critical,7.0,A,03/07/2023,11/30/2024,Cycle Inspection / Initial Inspection,40.628429438393,-74.02904037019,310.0,47.0,6400.0,3150824.0,3059780041.0,BK31,
50118792,DIG,Manhattan,630,3 AVENUE,10017.0,2125457867,American,07/13/2023,Violations were cited in the following area(s).,02G,Cold TCS food item held above 41 °F; smoked or processed fish held above 38 °F; intact raw eggs held above 45 °F; or reduced oxygen packaged (ROP) TCS foods held above required temperatures except during active necessary preparation.,Critical,13.0,A,07/13/2023,11/30/2024,Pre-permit (Operational) / Initial Inspection,40.74979057691,-73.975165336169,106.0,4.0,8000.0,1036149.0,1012950040.0,MN20,
50062684,KESTE WALL STREET,Manhattan,77,FULTON STREET,10038.0,2126939030,Pizza,01/20/2022,Violations were cited in the following area(s).,22E,ROP processing equipment not approved by DOHMH.,Not Critical,,,,11/30/2024,Administrative Miscellaneous / Initial Inspection,40.708830267209,-74.00517595685,101.0,1.0,1501.0,1090791.0,1000940001.0,MN25,
50079591,ANTIKA PIZZERIA,Queens,3608,30TH AVE,11103.0,7185450555,Italian,10/20/2022,Violations were cited in the following area(s).,04N,"Filth flies or food/refuse/sewage associated with (FRSA) flies or other nuisance pests  in  establishment’s food and/or non-food areas. FRSA flies include house flies, blow flies, bottle flies, flesh flies, drain flies, Phorid flies and fruit flies.",Critical,33.0,,,11/30/2024,Cycle Inspection / Initial Inspection,40.76492821218,-73.917230174862,401.0,22.0,6300.0,4010011.0,4006510044.0,QN70,
41681367,JUMBO CHINESE KITCHEN,Queens,113-04,JAMAICA AVENUE,11418.0,7184415946,Chinese,09/06/2022,Establishment re-closed by DOHMH.,04M,Live roaches in facility's food or non-food area.,Critical,11.0,,,11/30/2024,Cycle Inspection / Reopening Inspection,40.697892476017,-73.835492890193,409.0,29.0,12400.0,4194942.0,4093030002.0,QN54,
50113015,JERRELL'S BETR BRGR,Manhattan,117,6 AVENUE,10013.0,3475228049,Vegan,04/24/2024,Violations were cited in the following area(s).,04A,Food Protection Certificate (FPC) not held by manager or supervisor of food operations.,Critical,46.0,C,04/24/2024,11/30/2024,Cycle Inspection / Re-inspection,40.723800252927,-74.004729762755,102.0,1.0,3700.0,1088003.0,1004770064.0,MN24,
40945916,CALIBELLA BAKERY,Brooklyn,164,WYCKOFF AVENUE,11237.0,7184973614,Bakery Products/Desserts,12/06/2021,Violations were cited in the following area(s).,06D,"Food contact surface not properly washed, rinsed and sanitized after each use and following any activity when contamination may have occurred.",Critical,25.0,,,11/30/2024,Cycle Inspection / Initial Inspection,40.702382461844,-73.916164840577,304.0,37.0,44300.0,3075160.0,3032900029.0,BK77,
50125530,LOKUM MEDITERRANEAN RESTAURANT AND BAR,Brooklyn,2027,EMMONS AVENUE,11235.0,9738419440,Mediterranean,10/11/2023,Violations were cited in the following area(s).,06D,"Food contact surface not properly washed, rinsed and sanitized after each use and following any activity when contamination may have occurred.",Critical,10.0,A,10/11/2023,11/30/2024,Pre-permit (Operational) / Re-inspection,40.583719371089,-73.947232518173,315.0,48.0,60800.0,3392752.0,3087790053.0,BK17,
50103059,"SAFI KITCHEN,",Queens,2301,BORDEN AVE,11101.0,7187868292,American,03/10/2023,Violations were cited in the following area(s).,10F,"Non-food contact surface or equipment made of unacceptable material, not kept clean, or not properly sealed, raised, spaced or movable to allow accessibility for cleaning on all sides, above and underneath the unit.",Not Critical,19.0,,,11/30/2024,Cycle Inspection / Initial Inspection,40.739932932258,-73.94725266915,402.0,26.0,100.0,4000752.0,4001050001.0,QN31,
50090372,THE WILSON,Manhattan,132,WEST   27 STREET,10001.0,2125292671,American,07/27/2022,Violations were cited in the following area(s).,06D,"Food contact surface not properly washed, rinsed and sanitized after each use and following any activity when contamination may have occurred.",Critical,7.0,A,07/27/2022,11/30/2024,Cycle Inspection / Initial Inspection,40.745859745971,-73.99204948071,105.0,3.0,9500.0,1015052.0,1008020061.0,MN17,
40386556,WESTSIDE RESTAURANT,Manhattan,2020,BROADWAY,10023.0,2127244000,American,05/21/2024,Violations were cited in the following area(s).,10F,"Non-food contact surface or equipment made of unacceptable material, not kept clean, or not properly sealed, raised, spaced or movable to allow accessibility for cleaning on all sides, above and underneath the unit.",Not Critical,29.0,,,11/30/2024,Cycle Inspection / Initial Inspection,40.776410532869,-73.982123853828,107.0,6.0,15300.0,1029632.0,1011410013.0,MN14,
50107101,MISTA OH,Manhattan,41,WEST   24 STREET,10010.0,3475379363,Korean,05/09/2024,Violations were cited in the following area(s).,04L,Evidence of mice or live mice in establishment's food or non-food areas.,Critical,36.0,Z,05/09/2024,11/30/2024,Cycle Inspection / Re-inspection,40.742856869389,-73.990635195605,105.0,3.0,5800.0,1015594.0,1008260016.0,MN13,
50108963,TENGRI TAGH UYGHUR CUSINE,Manhattan,144,WEST   37 STREET,10018.0,3392248555,Chinese,11/22/2021,Violations were cited in the following area(s).,10I,"Single service item reused, improperly stored, dispensed; not used when required.",Not Critical,39.0,,,11/30/2024,Pre-permit (Operational) / Initial Inspection,40.752433115397,-73.988179514307,105.0,3.0,10900.0,1015248.0,1008120068.0,MN17,
40978834,68 JAY STREET BAR,Brooklyn,68,JAY STREET,11201.0,7182608207,American,07/30/2024,Violations were cited in the following area(s).,08A,"Establishment is not free of harborage or conditions conducive to rodents, insects or other pests.",Not Critical,10.0,A,07/30/2024,11/30/2024,Cycle Inspection / Initial Inspection,40.702755433401,-73.986680794315,302.0,33.0,2100.0,3000090.0,3000400001.0,BK38,
50134447,PERI PERI FLAMING GRILL,Brooklyn,485,LORIMER STREET,11211.0,3475930088,Portuguese,05/15/2023,Violations were cited in the following area(s).,08A,"Establishment is not free of harborage or conditions conducive to rodents, insects or other pests.",Not Critical,18.0,N,,11/30/2024,Pre-permit (Non-operational) / Initial Inspection,40.711456745762,-73.94895258334,301.0,34.0,51300.0,3069319.0,3027790027.0,BK73,
